date,fills_cons,fills_bridge,pnl_cons_pips,pnl_bridge_pips,diff_pips,wins_cons,wins_bridge,gate_pass_cons,gate_pass_bridge,ev_pass_cons,ev_pass_bridge
2018-01-01,0,0,0.0,0.0,0.0,0,0,8,8,0,0
2018-01-02,0,0,0.0,0.0,0.0,0,0,247,247,0,0
2018-01-03,0,0,0.0,0.0,0.0,0,0,272,272,0,0
2018-01-04,0,0,0.0,0.0,0.0,0,0,277,277,0,0
2018-01-05,0,0,0.0,0.0,0.0,0,0,212,212,0,0
2018-01-07,0,0,0.0,0.0,0.0,0,0,24,24,0,0
2018-01-08,0,0,0.0,0.0,0.0,0,0,218,218,0,0
2018-01-09,0,0,0.0,0.0,0.0,0,0,254,254,0,0
2018-01-10,0,0,0.0,0.0,0.0,0,0,271,271,0,0
2018-01-11,0,0,0.0,0.0,0.0,0,0,280,280,0,0
2018-01-12,0,0,0.0,0.0,0.0,0,0,250,250,0,0
2018-01-14,0,0,0.0,0.0,0.0,0,0,24,24,0,0
2018-01-15,0,0,0.0,0.0,0.0,0,0,288,288,0,0
2018-01-16,0,0,0.0,0.0,0.0,0,0,278,278,0,0
2018-01-17,0,0,0.0,0.0,0.0,0,0,254,254,0,0
2018-01-18,0,0,0.0,0.0,0.0,0,0,286,286,0,0
2018-01-19,0,0,0.0,0.0,0.0,0,0,264,264,0,0
2018-01-21,0,0,0.0,0.0,0.0,0,0,24,24,0,0
2018-01-22,0,0,0.0,0.0,0.0,0,0,284,284,0,0
2018-01-23,0,0,0.0,0.0,0.0,0,0,269,269,0,0
2018-01-24,0,0,0.0,0.0,0.0,0,0,281,281,0,0
2018-01-25,0,0,0.0,0.0,0.0,0,0,284,284,0,0
2018-01-26,0,0,0.0,0.0,0.0,0,0,248,248,0,0
2018-01-28,0,0,0.0,0.0,0.0,0,0,24,24,0,0
2018-01-29,0,0,0.0,0.0,0.0,0,0,253,253,0,0
2018-01-30,0,0,0.0,0.0,0.0,0,0,264,264,0,0
2018-01-31,0,0,0.0,0.0,0.0,0,0,258,258,0,0
2018-02-01,0,0,0.0,0.0,0.0,0,0,288,288,0,0
2018-02-02,0,0,0.0,0.0,0.0,0,0,256,256,0,0
2018-02-04,0,0,0.0,0.0,0.0,0,0,24,24,0,0
2018-02-05,0,0,0.0,0.0,0.0,0,0,262,262,0,0
2018-02-06,0,0,0.0,0.0,0.0,0,0,240,240,0,0
2018-02-07,0,0,0.0,0.0,0.0,0,0,254,254,0,0
2018-02-08,0,0,0.0,0.0,0.0,0,0,278,278,0,0
2018-02-09,0,0,0.0,0.0,0.0,0,0,231,231,0,0
2018-02-11,0,0,0.0,0.0,0.0,0,0,24,24,0,0
2018-02-12,0,0,0.0,0.0,0.0,0,0,141,141,0,0
2018-02-13,0,0,0.0,0.0,0.0,0,0,272,272,0,0
2018-02-14,0,0,0.0,0.0,0.0,0,0,260,260,0,0
2018-02-15,0,0,0.0,0.0,0.0,0,0,277,277,0,0
2018-02-16,0,0,0.0,0.0,0.0,0,0,248,248,0,0
2018-02-18,0,0,0.0,0.0,0.0,0,0,24,24,0,0
2018-02-19,0,0,0.0,0.0,0.0,0,0,288,288,0,0
2018-02-20,0,0,0.0,0.0,0.0,0,0,240,240,0,0
2018-02-21,0,0,0.0,0.0,0.0,0,0,271,271,0,0
2018-02-22,0,0,0.0,0.0,0.0,0,0,287,287,0,0
2018-02-23,0,0,0.0,0.0,0.0,0,0,229,229,0,0
2018-02-25,0,0,0.0,0.0,0.0,0,0,22,22,0,0
2018-02-26,0,0,0.0,0.0,0.0,0,0,227,227,0,0
2018-02-27,0,0,0.0,0.0,0.0,0,0,277,277,0,0
2018-02-28,0,0,0.0,0.0,0.0,0,0,285,285,0,0
2018-03-01,0,0,0.0,0.0,0.0,0,0,248,248,0,0
2018-03-02,0,0,0.0,0.0,0.0,0,0,264,264,0,0
2018-03-04,0,0,0.0,0.0,0.0,0,0,24,24,0,0
2018-03-05,0,0,0.0,0.0,0.0,0,0,260,260,0,0
2018-03-06,0,0,0.0,0.0,0.0,0,0,263,263,0,0
2018-03-07,0,0,0.0,0.0,0.0,0,0,287,287,0,0
2018-03-08,0,0,0.0,0.0,0.0,0,0,225,225,0,0
2018-03-09,0,0,0.0,0.0,0.0,0,0,260,260,0,0
2018-03-11,0,0,0.0,0.0,0.0,0,0,36,36,0,0
2018-03-12,0,0,0.0,0.0,0.0,0,0,279,279,0,0
2018-03-13,0,0,0.0,0.0,0.0,0,0,257,257,0,0
2018-03-14,0,0,0.0,0.0,0.0,0,0,282,282,0,0
2018-03-15,0,0,0.0,0.0,0.0,0,0,281,281,0,0
2018-03-16,0,0,0.0,0.0,0.0,0,0,209,209,0,0
2018-03-18,0,0,0.0,0.0,0.0,0,0,34,34,0,0
2018-03-19,0,0,0.0,0.0,0.0,0,0,269,269,0,0
2018-03-20,0,0,0.0,0.0,0.0,0,0,281,281,0,0
2018-03-21,0,0,0.0,0.0,0.0,0,0,218,218,0,0
2018-03-22,0,0,0.0,0.0,0.0,0,0,277,277,0,0
2018-03-23,0,0,0.0,0.0,0.0,0,0,252,252,0,0
2018-03-25,0,0,0.0,0.0,0.0,0,0,29,29,0,0
2018-03-26,0,0,0.0,0.0,0.0,0,0,246,246,0,0
2018-03-27,0,0,0.0,0.0,0.0,0,0,286,286,0,0
2018-03-28,0,0,0.0,0.0,0.0,0,0,275,275,0,0
2018-03-29,0,0,0.0,0.0,0.0,0,0,261,261,0,0
2018-03-30,0,0,0.0,0.0,0.0,0,0,243,243,0,0
2018-04-01,0,0,0.0,0.0,0.0,0,0,35,35,0,0
2018-04-02,0,0,0.0,0.0,0.0,0,0,161,161,0,0
2018-04-03,0,0,0.0,0.0,0.0,0,0,269,269,0,0
2018-04-04,0,0,0.0,0.0,0.0,0,0,278,278,0,0
2018-04-05,0,0,0.0,0.0,0.0,0,0,288,288,0,0
2018-04-06,0,0,0.0,0.0,0.0,0,0,232,232,0,0
2018-04-08,0,0,0.0,0.0,0.0,0,0,36,36,0,0
2018-04-09,0,0,0.0,0.0,0.0,0,0,246,246,0,0
2018-04-10,0,0,0.0,0.0,0.0,0,0,270,270,0,0
2018-04-11,0,0,0.0,0.0,0.0,0,0,282,282,0,0
2018-04-12,0,0,0.0,0.0,0.0,0,0,271,271,0,0
2018-04-13,0,0,0.0,0.0,0.0,0,0,239,239,0,0
2018-04-15,0,0,0.0,0.0,0.0,0,0,36,36,0,0
2018-04-16,0,0,0.0,0.0,0.0,0,0,276,276,0,0
2018-04-17,0,0,0.0,0.0,0.0,0,0,251,251,0,0
2018-04-18,0,0,0.0,0.0,0.0,0,0,264,264,0,0
2018-04-19,0,0,0.0,0.0,0.0,0,0,245,245,0,0
2018-04-20,0,0,0.0,0.0,0.0,0,0,227,227,0,0
2018-04-22,0,0,0.0,0.0,0.0,0,0,32,32,0,0
2018-04-23,0,0,0.0,0.0,0.0,0,0,288,288,0,0
2018-04-24,0,0,0.0,0.0,0.0,0,0,266,266,0,0
2018-04-25,0,0,0.0,0.0,0.0,0,0,261,261,0,0
2018-04-26,0,0,0.0,0.0,0.0,0,0,248,248,0,0
2018-04-27,0,0,0.0,0.0,0.0,0,0,165,165,0,0
2018-04-29,0,0,0.0,0.0,0.0,0,0,36,36,0,0
2018-04-30,0,0,0.0,0.0,0.0,0,0,252,252,0,0
2018-05-01,0,0,0.0,0.0,0.0,0,0,255,255,0,0
2018-05-02,0,0,0.0,0.0,0.0,0,0,269,269,0,0
2018-05-03,0,0,0.0,0.0,0.0,0,0,267,267,0,0
2018-05-04,0,0,0.0,0.0,0.0,0,0,208,208,0,0
2018-05-06,0,0,0.0,0.0,0.0,0,0,26,26,0,0
2018-05-07,0,0,0.0,0.0,0.0,0,0,234,234,0,0
2018-05-08,0,0,0.0,0.0,0.0,0,0,271,271,0,0
2018-05-09,0,0,0.0,0.0,0.0,0,0,281,281,0,0
2018-05-10,0,0,0.0,0.0,0.0,0,0,265,265,0,0
2018-05-11,0,0,0.0,0.0,0.0,0,0,249,249,0,0
2018-05-13,0,0,0.0,0.0,0.0,0,0,33,33,0,0
2018-05-14,0,0,0.0,0.0,0.0,0,0,269,269,0,0
2018-05-15,0,0,0.0,0.0,0.0,0,0,266,266,0,0
2018-05-16,0,0,0.0,0.0,0.0,0,0,269,269,0,0
2018-05-17,0,0,0.0,0.0,0.0,0,0,276,276,0,0
2018-05-18,0,0,0.0,0.0,0.0,0,0,244,244,0,0
2018-05-20,0,0,0.0,0.0,0.0,0,0,23,23,0,0
2018-05-21,0,0,0.0,0.0,0.0,0,0,282,282,0,0
2018-05-22,0,0,0.0,0.0,0.0,0,0,253,253,0,0
2018-05-23,0,0,0.0,0.0,0.0,0,0,278,278,0,0
2018-05-24,0,0,0.0,0.0,0.0,0,0,275,275,0,0
2018-05-25,0,0,0.0,0.0,0.0,0,0,237,237,0,0
2018-05-27,0,0,0.0,0.0,0.0,0,0,30,30,0,0
2018-05-28,0,0,0.0,0.0,0.0,0,0,253,253,0,0
2018-05-29,0,0,0.0,0.0,0.0,0,0,252,252,0,0
2018-05-30,0,0,0.0,0.0,0.0,0,0,276,276,0,0
2018-05-31,0,0,0.0,0.0,0.0,0,0,217,217,0,0
2018-06-01,0,0,0.0,0.0,0.0,0,0,238,238,0,0
2018-06-03,0,0,0.0,0.0,0.0,0,0,35,35,0,0
2018-06-04,0,0,0.0,0.0,0.0,0,0,269,269,0,0
2018-06-05,0,0,0.0,0.0,0.0,0,0,262,262,0,0
2018-06-06,0,0,0.0,0.0,0.0,0,0,216,216,0,0
2018-06-07,0,0,0.0,0.0,0.0,0,0,239,239,0,0
2018-06-08,0,0,0.0,0.0,0.0,0,0,252,252,0,0
2018-06-10,0,0,0.0,0.0,0.0,0,0,36,36,0,0
2018-06-11,0,0,0.0,0.0,0.0,0,0,282,282,0,0
2018-06-12,0,0,0.0,0.0,0.0,0,0,254,254,0,0
2018-06-13,0,0,0.0,0.0,0.0,0,0,268,268,0,0
2018-06-14,0,0,0.0,0.0,0.0,0,0,281,281,0,0
2018-06-15,0,0,0.0,0.0,0.0,0,0,245,245,0,0
2018-06-17,0,0,0.0,0.0,0.0,0,0,32,32,0,0
2018-06-18,0,0,0.0,0.0,0.0,0,0,259,259,0,0
2018-06-19,0,0,0.0,0.0,0.0,0,0,246,246,0,0
2018-06-20,0,0,0.0,0.0,0.0,0,0,258,258,0,0
2018-06-21,0,0,0.0,0.0,0.0,0,0,273,273,0,0
2018-06-22,0,0,0.0,0.0,0.0,0,0,235,235,0,0
2018-06-24,0,0,0.0,0.0,0.0,0,0,34,34,0,0
2018-06-25,0,0,0.0,0.0,0.0,0,0,276,276,0,0
2018-06-26,0,0,0.0,0.0,0.0,0,0,234,234,0,0
2018-06-27,0,0,0.0,0.0,0.0,0,0,273,273,0,0
2018-06-28,0,0,0.0,0.0,0.0,0,0,272,272,0,0
2018-06-29,0,0,0.0,0.0,0.0,0,0,249,249,0,0
2018-07-01,0,0,0.0,0.0,0.0,0,0,32,32,0,0
2018-07-02,0,0,0.0,0.0,0.0,0,0,228,228,0,0
2018-07-03,0,0,0.0,0.0,0.0,0,0,279,279,0,0
2018-07-04,0,0,0.0,0.0,0.0,0,0,277,277,0,0
2018-07-05,0,0,0.0,0.0,0.0,0,0,170,170,0,0
2018-07-06,0,0,0.0,0.0,0.0,0,0,145,145,0,0
2018-07-08,0,0,0.0,0.0,0.0,0,0,36,36,0,0
2018-07-09,0,0,0.0,0.0,0.0,0,0,207,207,0,0
2018-07-10,0,0,0.0,0.0,0.0,0,0,269,269,0,0
2018-07-11,0,0,0.0,0.0,0.0,0,0,233,233,0,0
2018-07-12,0,0,0.0,0.0,0.0,0,0,277,277,0,0
2018-07-13,0,0,0.0,0.0,0.0,0,0,242,242,0,0
2018-07-15,0,0,0.0,0.0,0.0,0,0,36,36,0,0
2018-07-16,0,0,0.0,0.0,0.0,0,0,206,206,0,0
2018-07-17,0,0,0.0,0.0,0.0,0,0,228,228,0,0
2018-07-18,0,0,0.0,0.0,0.0,0,0,265,265,0,0
2018-07-19,0,0,0.0,0.0,0.0,0,0,250,250,0,0
2018-07-20,0,0,0.0,0.0,0.0,0,0,246,246,0,0
2018-07-22,0,0,0.0,0.0,0.0,0,0,36,36,0,0
2018-07-23,0,0,0.0,0.0,0.0,0,0,247,247,0,0
2018-07-24,0,0,0.0,0.0,0.0,0,0,280,280,0,0
2018-07-25,0,0,0.0,0.0,0.0,0,0,245,245,0,0
2018-07-26,0,0,0.0,0.0,0.0,0,0,281,281,0,0
2018-07-27,0,0,0.0,0.0,0.0,0,0,193,193,0,0
2018-07-29,0,0,0.0,0.0,0.0,0,0,36,36,0,0
2018-07-30,0,0,0.0,0.0,0.0,0,0,248,248,0,0
2018-07-31,0,0,0.0,0.0,0.0,0,0,250,250,0,0
2018-08-01,0,0,0.0,0.0,0.0,0,0,269,269,0,0
2018-08-02,0,0,0.0,0.0,0.0,0,0,217,217,0,0
2018-08-03,0,0,0.0,0.0,0.0,0,0,207,207,0,0
2018-08-05,0,0,0.0,0.0,0.0,0,0,36,36,0,0
2018-08-06,0,0,0.0,0.0,0.0,0,0,272,272,0,0
2018-08-07,0,0,0.0,0.0,0.0,0,0,171,171,0,0
2018-08-08,0,0,0.0,0.0,0.0,0,0,250,250,0,0
2018-08-09,0,0,0.0,0.0,0.0,0,0,267,267,0,0
2018-08-10,0,0,0.0,0.0,0.0,0,0,215,215,0,0
2018-08-12,0,0,0.0,0.0,0.0,0,0,36,36,0,0
2018-08-13,0,0,0.0,0.0,0.0,0,0,277,277,0,0
2018-08-14,0,0,0.0,0.0,0.0,0,0,287,287,0,0
2018-08-15,0,0,0.0,0.0,0.0,0,0,263,263,0,0
2018-08-16,0,0,0.0,0.0,0.0,0,0,269,269,0,0
2018-08-17,0,0,0.0,0.0,0.0,0,0,135,135,0,0
2018-08-19,0,0,0.0,0.0,0.0,0,0,26,26,0,0
2018-08-20,0,0,0.0,0.0,0.0,0,0,274,274,0,0
2018-08-21,0,0,0.0,0.0,0.0,0,0,259,259,0,0
2018-08-22,0,0,0.0,0.0,0.0,0,0,260,260,0,0
2018-08-23,0,0,0.0,0.0,0.0,0,0,256,256,0,0
2018-08-24,0,0,0.0,0.0,0.0,0,0,228,228,0,0
2018-08-26,0,0,0.0,0.0,0.0,0,0,36,36,0,0
2018-08-27,0,0,0.0,0.0,0.0,0,0,258,258,0,0
2018-08-28,0,0,0.0,0.0,0.0,0,0,229,229,0,0
2018-08-29,0,0,0.0,0.0,0.0,0,0,248,248,0,0
2018-08-30,0,0,0.0,0.0,0.0,0,0,261,261,0,0
2018-08-31,0,0,0.0,0.0,0.0,0,0,218,218,0,0
2018-09-02,0,0,0.0,0.0,0.0,0,0,36,36,0,0
2018-09-03,0,0,0.0,0.0,0.0,0,0,273,273,0,0
2018-09-04,0,0,0.0,0.0,0.0,0,0,236,236,0,0
2018-09-05,0,0,0.0,0.0,0.0,0,0,258,258,0,0
2018-09-06,0,0,0.0,0.0,0.0,0,0,276,276,0,0
2018-09-07,0,0,0.0,0.0,0.0,0,0,240,240,0,0
2018-09-09,0,0,0.0,0.0,0.0,0,0,36,36,0,0
2018-09-10,0,0,0.0,0.0,0.0,0,0,279,279,0,0
2018-09-11,0,0,0.0,0.0,0.0,0,0,283,283,0,0
2018-09-12,0,0,0.0,0.0,0.0,0,0,265,265,0,0
2018-09-13,0,0,0.0,0.0,0.0,0,0,240,240,0,0
2018-09-14,0,0,0.0,0.0,0.0,0,0,241,241,0,0
2018-09-16,0,0,0.0,0.0,0.0,0,0,36,36,0,0
2018-09-17,0,0,0.0,0.0,0.0,0,0,204,204,0,0
2018-09-18,0,0,0.0,0.0,0.0,0,0,259,259,0,0
2018-09-19,0,0,0.0,0.0,0.0,0,0,236,236,0,0
2018-09-20,0,0,0.0,0.0,0.0,0,0,227,227,0,0
2018-09-21,0,0,0.0,0.0,0.0,0,0,241,241,0,0
2018-09-23,0,0,0.0,0.0,0.0,0,0,35,35,0,0
2018-09-24,0,0,0.0,0.0,0.0,0,0,221,221,0,0
2018-09-25,0,0,0.0,0.0,0.0,0,0,231,231,0,0
2018-09-26,0,0,0.0,0.0,0.0,0,0,140,140,0,0
2018-09-27,0,0,0.0,0.0,0.0,0,0,279,279,0,0
2018-09-28,0,0,0.0,0.0,0.0,0,0,208,208,0,0
2018-09-30,0,0,0.0,0.0,0.0,0,0,36,36,0,0
2018-10-01,0,0,0.0,0.0,0.0,0,0,265,265,0,0
2018-10-02,0,0,0.0,0.0,0.0,0,0,238,238,0,0
2018-10-03,0,0,0.0,0.0,0.0,0,0,277,277,0,0
2018-10-04,0,0,0.0,0.0,0.0,0,0,269,269,0,0
2018-10-05,0,0,0.0,0.0,0.0,0,0,231,231,0,0
2018-10-07,0,0,0.0,0.0,0.0,0,0,36,36,0,0
2018-10-08,0,0,0.0,0.0,0.0,0,0,232,232,0,0
2018-10-09,0,0,0.0,0.0,0.0,0,0,270,270,0,0
2018-10-10,0,0,0.0,0.0,0.0,0,0,273,273,0,0
2018-10-11,0,0,0.0,0.0,0.0,0,0,264,264,0,0
2018-10-12,0,0,0.0,0.0,0.0,0,0,226,226,0,0
2018-10-14,0,0,0.0,0.0,0.0,0,0,36,36,0,0
2018-10-15,0,0,0.0,0.0,0.0,0,0,284,284,0,0
2018-10-16,0,0,0.0,0.0,0.0,0,0,248,248,0,0
2018-10-17,0,0,0.0,0.0,0.0,0,0,265,265,0,0
2018-10-18,0,0,0.0,0.0,0.0,0,0,288,288,0,0
2018-10-19,0,0,0.0,0.0,0.0,0,0,241,241,0,0
2018-10-21,0,0,0.0,0.0,0.0,0,0,20,20,0,0
2018-10-22,0,0,0.0,0.0,0.0,0,0,269,269,0,0
2018-10-23,0,0,0.0,0.0,0.0,0,0,242,242,0,0
2018-10-24,0,0,0.0,0.0,0.0,0,0,237,237,0,0
2018-10-25,0,0,0.0,0.0,0.0,0,0,287,287,0,0
2018-10-26,0,0,0.0,0.0,0.0,0,0,240,240,0,0
2018-10-28,0,0,0.0,0.0,0.0,0,0,36,36,0,0
2018-10-29,0,0,0.0,0.0,0.0,0,0,288,288,0,0
2018-10-30,0,0,0.0,0.0,0.0,0,0,255,255,0,0
2018-10-31,0,0,0.0,0.0,0.0,0,0,273,273,0,0
2018-11-01,0,0,0.0,0.0,0.0,0,0,268,268,0,0
2018-11-02,0,0,0.0,0.0,0.0,0,0,238,238,0,0
2018-11-04,0,0,0.0,0.0,0.0,0,0,24,24,0,0
2018-11-05,0,0,0.0,0.0,0.0,0,0,245,245,0,0
2018-11-06,0,0,0.0,0.0,0.0,0,0,188,188,0,0
2018-11-07,0,0,0.0,0.0,0.0,0,0,264,264,0,0
2018-11-08,0,0,0.0,0.0,0.0,0,0,283,283,0,0
2018-11-09,0,0,0.0,0.0,0.0,0,0,263,263,0,0
2018-11-11,0,0,0.0,0.0,0.0,0,0,24,24,0,0
2018-11-12,0,0,0.0,0.0,0.0,0,0,224,224,0,0
2018-11-13,0,0,0.0,0.0,0.0,0,0,271,271,0,0
2018-11-14,0,0,0.0,0.0,0.0,0,0,262,262,0,0
2018-11-15,0,0,0.0,0.0,0.0,0,0,284,284,0,0
2018-11-16,0,0,0.0,0.0,0.0,0,0,252,252,0,0
2018-11-18,0,0,0.0,0.0,0.0,0,0,24,24,0,0
2018-11-19,0,0,0.0,0.0,0.0,0,0,238,238,0,0
2018-11-20,0,0,0.0,0.0,0.0,0,0,279,279,0,0
2018-11-21,0,0,0.0,0.0,0.0,0,0,267,267,0,0
2018-11-22,0,0,0.0,0.0,0.0,0,0,246,246,0,0
2018-11-23,0,0,0.0,0.0,0.0,0,0,136,136,0,0
2018-11-25,0,0,0.0,0.0,0.0,0,0,16,16,0,0
2018-11-26,0,0,0.0,0.0,0.0,0,0,258,258,0,0
2018-11-27,0,0,0.0,0.0,0.0,0,0,261,261,0,0
2018-11-28,0,0,0.0,0.0,0.0,0,0,202,202,0,0
2018-11-29,0,0,0.0,0.0,0.0,0,0,262,262,0,0
2018-11-30,0,0,0.0,0.0,0.0,0,0,255,255,0,0
2018-12-02,0,0,0.0,0.0,0.0,0,0,11,11,0,0
2018-12-03,0,0,0.0,0.0,0.0,0,0,228,228,0,0
2018-12-04,0,0,0.0,0.0,0.0,0,0,282,282,0,0
2018-12-05,0,0,0.0,0.0,0.0,0,0,242,242,0,0
2018-12-06,0,0,0.0,0.0,0.0,0,0,235,235,0,0
2018-12-07,0,0,0.0,0.0,0.0,0,0,180,180,0,0
2018-12-09,0,0,0.0,0.0,0.0,0,0,24,24,0,0
2018-12-10,0,0,0.0,0.0,0.0,0,0,244,244,0,0
2018-12-11,0,0,0.0,0.0,0.0,0,0,278,278,0,0
2018-12-12,0,0,0.0,0.0,0.0,0,0,261,261,0,0
2018-12-13,0,0,0.0,0.0,0.0,0,0,229,229,0,0
2018-12-14,0,0,0.0,0.0,0.0,0,0,211,211,0,0
2018-12-16,0,0,0.0,0.0,0.0,0,0,24,24,0,0
2018-12-17,0,0,0.0,0.0,0.0,0,0,240,240,0,0
2018-12-18,0,0,0.0,0.0,0.0,0,0,262,262,0,0
2018-12-19,0,0,0.0,0.0,0.0,0,0,268,268,0,0
2018-12-20,0,0,0.0,0.0,0.0,0,0,270,270,0,0
2018-12-21,0,0,0.0,0.0,0.0,0,0,228,228,0,0
2018-12-23,0,0,0.0,0.0,0.0,0,0,24,24,0,0
2018-12-24,0,0,0.0,0.0,0.0,0,0,258,258,0,0
2018-12-25,0,0,0.0,0.0,0.0,0,0,120,120,0,0
2018-12-26,0,0,0.0,0.0,0.0,0,0,282,282,0,0
2018-12-27,0,0,0.0,0.0,0.0,0,0,286,286,0,0
2018-12-28,0,0,0.0,0.0,0.0,0,0,264,264,0,0
2018-12-30,0,0,0.0,0.0,0.0,0,0,24,24,0,0
2018-12-31,0,0,0.0,0.0,0.0,0,0,257,257,0,0
2019-01-01,0,0,0.0,0.0,0.0,0,0,22,22,0,0
2019-01-02,0,0,0.0,0.0,0.0,0,0,265,265,0,0
2019-01-03,0,0,0.0,0.0,0.0,0,0,281,281,0,0
2019-01-04,0,0,0.0,0.0,0.0,0,0,255,255,0,0
2019-01-06,0,0,0.0,0.0,0.0,0,0,24,24,0,0
2019-01-07,0,0,0.0,0.0,0.0,0,0,212,212,0,0
2019-01-08,0,0,0.0,0.0,0.0,0,0,279,279,0,0
2019-01-09,0,0,0.0,0.0,0.0,0,0,231,231,0,0
2019-01-10,0,0,0.0,0.0,0.0,0,0,224,224,0,0
2019-01-11,0,0,0.0,0.0,0.0,0,0,260,260,0,0
2019-01-13,0,0,0.0,0.0,0.0,0,0,24,24,0,0
2019-01-14,0,0,0.0,0.0,0.0,0,0,281,281,0,0
2019-01-15,0,0,0.0,0.0,0.0,0,0,268,268,0,0
2019-01-16,0,0,0.0,0.0,0.0,0,0,270,270,0,0
2019-01-17,0,0,0.0,0.0,0.0,0,0,200,200,0,0
2019-01-18,0,0,0.0,0.0,0.0,0,0,263,263,0,0
2019-01-20,0,0,0.0,0.0,0.0,0,0,24,24,0,0
2019-01-21,0,0,0.0,0.0,0.0,0,0,218,218,0,0
2019-01-22,0,0,0.0,0.0,0.0,0,0,211,211,0,0
2019-01-23,0,0,0.0,0.0,0.0,0,0,269,269,0,0
2019-01-24,0,0,0.0,0.0,0.0,0,0,191,191,0,0
2019-01-25,0,0,0.0,0.0,0.0,0,0,238,238,0,0
2019-01-27,0,0,0.0,0.0,0.0,0,0,24,24,0,0
2019-01-28,0,0,0.0,0.0,0.0,0,0,267,267,0,0
2019-01-29,0,0,0.0,0.0,0.0,0,0,255,255,0,0
2019-01-30,0,0,0.0,0.0,0.0,0,0,194,194,0,0
2019-01-31,0,0,0.0,0.0,0.0,0,0,262,262,0,0
2019-02-01,0,0,0.0,0.0,0.0,0,0,241,241,0,0
2019-02-03,0,0,0.0,0.0,0.0,0,0,20,20,0,0
2019-02-04,0,0,0.0,0.0,0.0,0,0,276,276,0,0
2019-02-05,0,0,0.0,0.0,0.0,0,0,230,230,0,0
2019-02-06,0,0,0.0,0.0,0.0,0,0,243,243,0,0
2019-02-07,0,0,0.0,0.0,0.0,0,0,277,277,0,0
2019-02-08,0,0,0.0,0.0,0.0,0,0,223,223,0,0
2019-02-10,0,0,0.0,0.0,0.0,0,0,23,23,0,0
2019-02-11,0,0,0.0,0.0,0.0,0,0,242,242,0,0
2019-02-12,0,0,0.0,0.0,0.0,0,0,242,242,0,0
2019-02-13,0,0,0.0,0.0,0.0,0,0,248,248,0,0
2019-02-14,0,0,0.0,0.0,0.0,0,0,236,236,0,0
2019-02-15,0,0,0.0,0.0,0.0,0,0,242,242,0,0
2019-02-17,0,0,0.0,0.0,0.0,0,0,24,24,0,0
2019-02-18,0,0,0.0,0.0,0.0,0,0,213,213,0,0
2019-02-19,0,0,0.0,0.0,0.0,0,0,144,144,0,0
2019-02-20,0,0,0.0,0.0,0.0,0,0,265,265,0,0
2019-02-21,0,0,0.0,0.0,0.0,0,0,262,262,0,0
2019-02-22,0,0,0.0,0.0,0.0,0,0,161,161,0,0
2019-02-24,0,0,0.0,0.0,0.0,0,0,11,11,0,0
2019-02-25,0,0,0.0,0.0,0.0,0,0,225,225,0,0
2019-02-26,0,0,0.0,0.0,0.0,0,0,185,185,0,0
2019-02-27,0,0,0.0,0.0,0.0,0,0,259,259,0,0
2019-02-28,0,0,0.0,0.0,0.0,0,0,239,239,0,0
2019-03-01,0,0,0.0,0.0,0.0,0,0,241,241,0,0
2019-03-03,0,0,0.0,0.0,0.0,0,0,24,24,0,0
2019-03-04,0,0,0.0,0.0,0.0,0,0,196,196,0,0
2019-03-05,0,0,0.0,0.0,0.0,0,0,176,176,0,0
2019-03-06,0,0,0.0,0.0,0.0,0,0,227,227,0,0
2019-03-07,0,0,0.0,0.0,0.0,0,0,203,203,0,0
2019-03-08,0,0,0.0,0.0,0.0,0,0,221,221,0,0
2019-03-10,0,0,0.0,0.0,0.0,0,0,36,36,0,0
2019-03-11,0,0,0.0,0.0,0.0,0,0,243,243,0,0
2019-03-12,0,0,0.0,0.0,0.0,0,0,252,252,0,0
2019-03-13,0,0,0.0,0.0,0.0,0,0,246,246,0,0
2019-03-14,0,0,0.0,0.0,0.0,0,0,276,276,0,0
2019-03-15,0,0,0.0,0.0,0.0,0,0,209,209,0,0
2019-03-17,0,0,0.0,0.0,0.0,0,0,36,36,0,0
2019-03-18,0,0,0.0,0.0,0.0,0,0,165,165,0,0
2019-03-19,0,0,0.0,0.0,0.0,0,0,248,248,0,0
2019-03-20,0,0,0.0,0.0,0.0,0,0,211,211,0,0
2019-03-21,0,0,0.0,0.0,0.0,0,0,282,282,0,0
2019-03-22,0,0,0.0,0.0,0.0,0,0,218,218,0,0
2019-03-24,0,0,0.0,0.0,0.0,0,0,36,36,0,0
2019-03-25,0,0,0.0,0.0,0.0,0,0,255,255,0,0
2019-03-26,0,0,0.0,0.0,0.0,0,0,273,273,0,0
2019-03-27,0,0,0.0,0.0,0.0,0,0,282,282,0,0
2019-03-28,0,0,0.0,0.0,0.0,0,0,264,264,0,0
2019-03-29,0,0,0.0,0.0,0.0,0,0,236,236,0,0
2019-03-31,0,0,0.0,0.0,0.0,0,0,36,36,0,0
2019-04-01,0,0,0.0,0.0,0.0,0,0,278,278,0,0
2019-04-02,0,0,0.0,0.0,0.0,0,0,215,215,0,0
2019-04-03,0,0,0.0,0.0,0.0,0,0,227,227,0,0
2019-04-04,0,0,0.0,0.0,0.0,0,0,241,241,0,0
2019-04-05,0,0,0.0,0.0,0.0,0,0,160,160,0,0
2019-04-07,0,0,0.0,0.0,0.0,0,0,22,22,0,0
2019-04-08,0,0,0.0,0.0,0.0,0,0,197,197,0,0
2019-04-09,0,0,0.0,0.0,0.0,0,0,182,182,0,0
2019-04-10,0,0,0.0,0.0,0.0,0,0,182,182,0,0
2019-04-11,0,0,0.0,0.0,0.0,0,0,241,241,0,0
2019-04-12,0,0,0.0,0.0,0.0,0,0,179,179,0,0
2019-04-14,0,0,0.0,0.0,0.0,0,0,34,34,0,0
2019-04-15,0,0,0.0,0.0,0.0,0,0,181,181,0,0
2019-04-16,0,0,0.0,0.0,0.0,0,0,209,209,0,0
2019-04-17,0,0,0.0,0.0,0.0,0,0,164,164,0,0
2019-04-18,0,0,0.0,0.0,0.0,0,0,196,196,0,0
2019-04-19,0,0,0.0,0.0,0.0,0,0,128,128,0,0
2019-04-21,0,0,0.0,0.0,0.0,0,0,0,0,0,0
2019-04-22,0,0,0.0,0.0,0.0,0,0,12,12,0,0
2019-04-23,0,0,0.0,0.0,0.0,0,0,69,69,0,0
2019-04-24,0,0,0.0,0.0,0.0,0,0,167,167,0,0
2019-04-25,0,0,0.0,0.0,0.0,0,0,265,265,0,0
2019-04-26,0,0,0.0,0.0,0.0,0,0,186,186,0,0
2019-04-28,0,0,0.0,0.0,0.0,0,0,35,35,0,0
2019-04-29,0,0,0.0,0.0,0.0,0,0,140,140,0,0
2019-04-30,0,0,0.0,0.0,0.0,0,0,179,179,0,0
2019-05-01,0,0,0.0,0.0,0.0,0,0,161,161,0,0
2019-05-02,0,0,0.0,0.0,0.0,0,0,249,249,0,0
2019-05-03,0,0,0.0,0.0,0.0,0,0,136,136,0,0
2019-05-05,0,0,0.0,0.0,0.0,0,0,6,6,0,0
2019-05-06,0,0,0.0,0.0,0.0,0,0,212,212,0,0
2019-05-07,0,0,0.0,0.0,0.0,0,0,282,282,0,0
2019-05-08,0,0,0.0,0.0,0.0,0,0,279,279,0,0
2019-05-09,0,0,0.0,0.0,0.0,0,0,247,247,0,0
2019-05-10,0,0,0.0,0.0,0.0,0,0,248,248,0,0
2019-05-12,0,0,0.0,0.0,0.0,0,0,32,32,0,0
2019-05-13,0,0,0.0,0.0,0.0,0,0,213,213,0,0
2019-05-14,0,0,0.0,0.0,0.0,0,0,248,248,0,0
2019-05-15,0,0,0.0,0.0,0.0,0,0,207,207,0,0
2019-05-16,0,0,0.0,0.0,0.0,0,0,249,249,0,0
2019-05-17,0,0,0.0,0.0,0.0,0,0,200,200,0,0
2019-05-19,0,0,0.0,0.0,0.0,0,0,36,36,0,0
2019-05-20,0,0,0.0,0.0,0.0,0,0,245,245,0,0
2019-05-21,0,0,0.0,0.0,0.0,0,0,230,230,0,0
2019-05-22,0,0,0.0,0.0,0.0,0,0,255,255,0,0
2019-05-23,0,0,0.0,0.0,0.0,0,0,226,226,0,0
2019-05-24,0,0,0.0,0.0,0.0,0,0,220,220,0,0
2019-05-26,0,0,0.0,0.0,0.0,0,0,36,36,0,0
2019-05-27,0,0,0.0,0.0,0.0,0,0,258,258,0,0
2019-05-28,0,0,0.0,0.0,0.0,0,0,168,168,0,0
2019-05-29,0,0,0.0,0.0,0.0,0,0,268,268,0,0
2019-05-30,0,0,0.0,0.0,0.0,0,0,265,265,0,0
2019-05-31,0,0,0.0,0.0,0.0,0,0,233,233,0,0
2019-06-02,0,0,0.0,0.0,0.0,0,0,36,36,0,0
2019-06-03,0,0,0.0,0.0,0.0,0,0,274,274,0,0
2019-06-04,0,0,0.0,0.0,0.0,0,0,278,278,0,0
2019-06-05,0,0,0.0,0.0,0.0,0,0,247,247,0,0
2019-06-06,0,0,0.0,0.0,0.0,0,0,211,211,0,0
2019-06-07,0,0,0.0,0.0,0.0,0,0,240,240,0,0
2019-06-09,0,0,0.0,0.0,0.0,0,0,23,23,0,0
2019-06-10,0,0,0.0,0.0,0.0,0,0,267,267,0,0
2019-06-11,0,0,0.0,0.0,0.0,0,0,247,247,0,0
2019-06-12,0,0,0.0,0.0,0.0,0,0,264,264,0,0
2019-06-13,0,0,0.0,0.0,0.0,0,0,245,245,0,0
2019-06-14,0,0,0.0,0.0,0.0,0,0,182,182,0,0
2019-06-16,0,0,0.0,0.0,0.0,0,0,29,29,0,0
2019-06-17,0,0,0.0,0.0,0.0,0,0,227,227,0,0
2019-06-18,0,0,0.0,0.0,0.0,0,0,241,241,0,0
2019-06-19,0,0,0.0,0.0,0.0,0,0,195,195,0,0
2019-06-20,0,0,0.0,0.0,0.0,0,0,269,269,0,0
2019-06-21,0,0,0.0,0.0,0.0,0,0,208,208,0,0
2019-06-23,0,0,0.0,0.0,0.0,0,0,29,29,0,0
2019-06-24,0,0,0.0,0.0,0.0,0,0,255,255,0,0
2019-06-25,0,0,0.0,0.0,0.0,0,0,277,277,0,0
2019-06-26,0,0,0.0,0.0,0.0,0,0,278,278,0,0
2019-06-27,0,0,0.0,0.0,0.0,0,0,268,268,0,0
2019-06-28,0,0,0.0,0.0,0.0,0,0,189,189,0,0
2019-06-30,0,0,0.0,0.0,0.0,0,0,36,36,0,0
2019-07-01,0,0,0.0,0.0,0.0,0,0,252,252,0,0
2019-07-02,0,0,0.0,0.0,0.0,0,0,249,249,0,0
2019-07-03,0,0,0.0,0.0,0.0,0,0,283,283,0,0
2019-07-04,0,0,0.0,0.0,0.0,0,0,196,196,0,0
2019-07-05,0,0,0.0,0.0,0.0,0,0,64,64,0,0
2019-07-07,0,0,0.0,0.0,0.0,0,0,29,29,0,0
2019-07-08,0,0,0.0,0.0,0.0,0,0,253,253,0,0
2019-07-09,0,0,0.0,0.0,0.0,0,0,258,258,0,0
2019-07-10,0,0,0.0,0.0,0.0,0,0,211,211,0,0
2019-07-11,0,0,0.0,0.0,0.0,0,0,260,260,0,0
2019-07-12,0,0,0.0,0.0,0.0,0,0,217,217,0,0
2019-07-14,0,0,0.0,0.0,0.0,0,0,33,33,0,0
2019-07-15,0,0,0.0,0.0,0.0,0,0,233,233,0,0
2019-07-16,0,0,0.0,0.0,0.0,0,0,232,232,0,0
2019-07-17,0,0,0.0,0.0,0.0,0,0,252,252,0,0
2019-07-18,0,0,0.0,0.0,0.0,0,0,251,251,0,0
2019-07-19,0,0,0.0,0.0,0.0,0,0,227,227,0,0
2019-07-21,0,0,0.0,0.0,0.0,0,0,36,36,0,0
2019-07-22,0,0,0.0,0.0,0.0,0,0,271,271,0,0
2019-07-23,0,0,0.0,0.0,0.0,0,0,266,266,0,0
2019-07-24,0,0,0.0,0.0,0.0,0,0,234,234,0,0
2019-07-25,0,0,0.0,0.0,0.0,0,0,215,215,0,0
2019-07-26,0,0,0.0,0.0,0.0,0,0,182,182,0,0
2019-07-28,0,0,0.0,0.0,0.0,0,0,10,10,0,0
2019-07-29,0,0,0.0,0.0,0.0,0,0,232,232,0,0
2019-07-30,0,0,0.0,0.0,0.0,0,0,239,239,0,0
2019-07-31,0,0,0.0,0.0,0.0,0,0,221,221,0,0
2019-08-01,0,0,0.0,0.0,0.0,0,0,247,247,0,0
2019-08-02,0,0,0.0,0.0,0.0,0,0,248,248,0,0
2019-08-04,0,0,0.0,0.0,0.0,0,0,36,36,0,0
2019-08-05,0,0,0.0,0.0,0.0,0,0,287,287,0,0
2019-08-06,0,0,0.0,0.0,0.0,0,0,288,288,0,0
2019-08-07,0,0,0.0,0.0,0.0,0,0,272,272,0,0
2019-08-08,0,0,0.0,0.0,0.0,0,0,276,276,0,0
2019-08-09,0,0,0.0,0.0,0.0,0,0,250,250,0,0
2019-08-11,0,0,0.0,0.0,0.0,0,0,33,33,0,0
2019-08-12,0,0,0.0,0.0,0.0,0,0,282,282,0,0
2019-08-13,0,0,0.0,0.0,0.0,0,0,251,251,0,0
2019-08-14,0,0,0.0,0.0,0.0,0,0,260,260,0,0
2019-08-15,0,0,0.0,0.0,0.0,0,0,277,277,0,0
2019-08-16,0,0,0.0,0.0,0.0,0,0,246,246,0,0
2019-08-18,0,0,0.0,0.0,0.0,0,0,36,36,0,0
2019-08-19,0,0,0.0,0.0,0.0,0,0,279,279,0,0
2019-08-20,0,0,0.0,0.0,0.0,0,0,239,239,0,0
2019-08-21,0,0,0.0,0.0,0.0,0,0,238,238,0,0
2019-08-22,0,0,0.0,0.0,0.0,0,0,247,247,0,0
2019-08-23,0,0,0.0,0.0,0.0,0,0,178,178,0,0
2019-08-25,0,0,0.0,0.0,0.0,0,0,15,15,0,0
2019-08-26,0,0,0.0,0.0,0.0,0,0,263,263,0,0
2019-08-27,0,0,0.0,0.0,0.0,0,0,268,268,0,0
2019-08-28,0,0,0.0,0.0,0.0,0,0,260,260,0,0
2019-08-29,0,0,0.0,0.0,0.0,0,0,287,287,0,0
2019-08-30,0,0,0.0,0.0,0.0,0,0,231,231,0,0
2019-09-01,0,0,0.0,0.0,0.0,0,0,36,36,0,0
2019-09-02,0,0,0.0,0.0,0.0,0,0,255,255,0,0
2019-09-03,0,0,0.0,0.0,0.0,0,0,215,215,0,0
2019-09-04,0,0,0.0,0.0,0.0,0,0,281,281,0,0
2019-09-05,0,0,0.0,0.0,0.0,0,0,270,270,0,0
2019-09-06,0,0,0.0,0.0,0.0,0,0,236,236,0,0
2019-09-08,0,0,0.0,0.0,0.0,0,0,32,32,0,0
2019-09-09,0,0,0.0,0.0,0.0,0,0,263,263,0,0
2019-09-10,0,0,0.0,0.0,0.0,0,0,264,264,0,0
2019-09-11,0,0,0.0,0.0,0.0,0,0,272,272,0,0
2019-09-12,0,0,0.0,0.0,0.0,0,0,241,241,0,0
2019-09-13,0,0,0.0,0.0,0.0,0,0,149,149,0,0
2019-09-15,0,0,0.0,0.0,0.0,0,0,28,28,0,0
2019-09-16,0,0,0.0,0.0,0.0,0,0,268,268,0,0
2019-09-17,0,0,0.0,0.0,0.0,0,0,272,272,0,0
2019-09-18,0,0,0.0,0.0,0.0,0,0,222,222,0,0
2019-09-19,0,0,0.0,0.0,0.0,0,0,249,249,0,0
2019-09-20,0,0,0.0,0.0,0.0,0,0,189,189,0,0
2019-09-22,0,0,0.0,0.0,0.0,0,0,36,36,0,0
2019-09-23,0,0,0.0,0.0,0.0,0,0,247,247,0,0
2019-09-24,0,0,0.0,0.0,0.0,0,0,260,260,0,0
2019-09-25,0,0,0.0,0.0,0.0,0,0,235,235,0,0
2019-09-26,0,0,0.0,0.0,0.0,0,0,250,250,0,0
2019-09-27,0,0,0.0,0.0,0.0,0,0,222,222,0,0
2019-09-29,0,0,0.0,0.0,0.0,0,0,36,36,0,0
2019-09-30,0,0,0.0,0.0,0.0,0,0,221,221,0,0
2019-10-01,0,0,0.0,0.0,0.0,0,0,253,253,0,0
2019-10-02,0,0,0.0,0.0,0.0,0,0,256,256,0,0
2019-10-03,0,0,0.0,0.0,0.0,0,0,250,250,0,0
2019-10-04,0,0,0.0,0.0,0.0,0,0,185,185,0,0
2019-10-06,0,0,0.0,0.0,0.0,0,0,32,32,0,0
2019-10-07,0,0,0.0,0.0,0.0,0,0,237,237,0,0
2019-10-08,0,0,0.0,0.0,0.0,0,0,256,256,0,0
2019-10-09,0,0,0.0,0.0,0.0,0,0,252,252,0,0
2019-10-10,0,0,0.0,0.0,0.0,0,0,235,235,0,0
2019-10-11,0,0,0.0,0.0,0.0,0,0,246,246,0,0
2019-10-13,0,0,0.0,0.0,0.0,0,0,36,36,0,0
2019-10-14,0,0,0.0,0.0,0.0,0,0,229,229,0,0
2019-10-15,0,0,0.0,0.0,0.0,0,0,208,208,0,0
2019-10-16,0,0,0.0,0.0,0.0,0,0,249,249,0,0
2019-10-17,0,0,0.0,0.0,0.0,0,0,196,196,0,0
2019-10-18,0,0,0.0,0.0,0.0,0,0,212,212,0,0
2019-10-20,0,0,0.0,0.0,0.0,0,0,34,34,0,0
2019-10-21,0,0,0.0,0.0,0.0,0,0,262,262,0,0
2019-10-22,0,0,0.0,0.0,0.0,0,0,186,186,0,0
2019-10-23,0,0,0.0,0.0,0.0,0,0,248,248,0,0
2019-10-24,0,0,0.0,0.0,0.0,0,0,197,197,0,0
2019-10-25,0,0,0.0,0.0,0.0,0,0,130,130,0,0
2019-10-27,0,0,0.0,0.0,0.0,0,0,8,8,0,0
2019-10-28,0,0,0.0,0.0,0.0,0,0,146,146,0,0
2019-10-29,0,0,0.0,0.0,0.0,0,0,163,163,0,0
2019-10-30,0,0,0.0,0.0,0.0,0,0,155,155,0,0
2019-10-31,0,0,0.0,0.0,0.0,0,0,213,213,0,0
2019-11-01,0,0,0.0,0.0,0.0,0,0,201,201,0,0
2019-11-03,0,0,0.0,0.0,0.0,0,0,21,21,0,0
2019-11-04,0,0,0.0,0.0,0.0,0,0,197,197,0,0
2019-11-05,0,0,0.0,0.0,0.0,0,0,257,257,0,0
2019-11-06,0,0,0.0,0.0,0.0,0,0,225,225,0,0
2019-11-07,0,0,0.0,0.0,0.0,0,0,250,250,0,0
2019-11-08,0,0,0.0,0.0,0.0,0,0,215,215,0,0
2019-11-10,0,0,0.0,0.0,0.0,0,0,13,13,0,0
2019-11-11,0,0,0.0,0.0,0.0,0,0,244,244,0,0
2019-11-12,0,0,0.0,0.0,0.0,0,0,208,208,0,0
2019-11-13,0,0,0.0,0.0,0.0,0,0,246,246,0,0
2019-11-14,0,0,0.0,0.0,0.0,0,0,276,276,0,0
2019-11-15,0,0,0.0,0.0,0.0,0,0,200,200,0,0
2019-11-17,0,0,0.0,0.0,0.0,0,0,13,13,0,0
2019-11-18,0,0,0.0,0.0,0.0,0,0,220,220,0,0
2019-11-19,0,0,0.0,0.0,0.0,0,0,237,237,0,0
2019-11-20,0,0,0.0,0.0,0.0,0,0,220,220,0,0
2019-11-21,0,0,0.0,0.0,0.0,0,0,245,245,0,0
2019-11-22,0,0,0.0,0.0,0.0,0,0,157,157,0,0
2019-11-24,0,0,0.0,0.0,0.0,0,0,15,15,0,0
2019-11-25,0,0,0.0,0.0,0.0,0,0,176,176,0,0
2019-11-26,0,0,0.0,0.0,0.0,0,0,181,181,0,0
2019-11-27,0,0,0.0,0.0,0.0,0,0,184,184,0,0
2019-11-28,0,0,0.0,0.0,0.0,0,0,195,195,0,0
2019-11-29,0,0,0.0,0.0,0.0,0,0,56,56,0,0
2019-12-01,0,0,0.0,0.0,0.0,0,0,3,3,0,0
2019-12-02,0,0,0.0,0.0,0.0,0,0,199,199,0,0
2019-12-03,0,0,0.0,0.0,0.0,0,0,234,234,0,0
2019-12-04,0,0,0.0,0.0,0.0,0,0,258,258,0,0
2019-12-05,0,0,0.0,0.0,0.0,0,0,224,224,0,0
2019-12-06,0,0,0.0,0.0,0.0,0,0,192,192,0,0
2019-12-08,0,0,0.0,0.0,0.0,0,0,19,19,0,0
2019-12-09,0,0,0.0,0.0,0.0,0,0,196,196,0,0
2019-12-10,0,0,0.0,0.0,0.0,0,0,191,191,0,0
2019-12-11,0,0,0.0,0.0,0.0,0,0,172,172,0,0
2019-12-12,0,0,0.0,0.0,0.0,0,0,153,153,0,0
2019-12-13,0,0,0.0,0.0,0.0,0,0,234,234,0,0
2019-12-15,0,0,0.0,0.0,0.0,0,0,17,17,0,0
2019-12-16,0,0,0.0,0.0,0.0,0,0,154,154,0,0
2019-12-17,0,0,0.0,0.0,0.0,0,0,138,138,0,0
2019-12-18,0,0,0.0,0.0,0.0,0,0,209,209,0,0
2019-12-19,0,0,0.0,0.0,0.0,0,0,141,141,0,0
2019-12-20,0,0,0.0,0.0,0.0,0,0,178,178,0,0
2019-12-22,0,0,0.0,0.0,0.0,0,0,13,13,0,0
2019-12-23,0,0,0.0,0.0,0.0,0,0,142,142,0,0
2019-12-24,0,0,0.0,0.0,0.0,0,0,91,91,0,0
2019-12-25,0,0,0.0,0.0,0.0,0,0,12,12,0,0
2019-12-26,0,0,0.0,0.0,0.0,0,0,94,94,0,0
2019-12-27,0,0,0.0,0.0,0.0,0,0,89,89,0,0
2019-12-29,0,0,0.0,0.0,0.0,0,0,2,2,0,0
2019-12-30,0,0,0.0,0.0,0.0,0,0,201,201,0,0
2019-12-31,0,0,0.0,0.0,0.0,0,0,123,123,0,0
2020-01-01,0,0,0.0,0.0,0.0,0,0,10,10,0,0
2020-01-02,0,0,0.0,0.0,0.0,0,0,210,210,0,0
2020-01-03,0,0,0.0,0.0,0.0,0,0,246,246,0,0
2020-01-05,0,0,0.0,0.0,0.0,0,0,24,24,0,0
2020-01-06,0,0,0.0,0.0,0.0,0,0,262,262,0,0
2020-01-07,0,0,0.0,0.0,0.0,0,0,237,237,0,0
2020-01-08,0,0,0.0,0.0,0.0,0,0,243,243,0,0
2020-01-09,0,0,0.0,0.0,0.0,0,0,251,251,0,0
2020-01-10,0,0,0.0,0.0,0.0,0,0,186,186,0,0
2020-01-12,0,0,0.0,0.0,0.0,0,0,6,6,0,0
2020-01-13,0,0,0.0,0.0,0.0,0,0,136,136,0,0
2020-01-14,0,0,0.0,0.0,0.0,0,0,202,202,0,0
2020-01-15,0,0,0.0,0.0,0.0,0,0,225,225,0,0
2020-01-16,0,0,0.0,0.0,0.0,0,0,137,137,0,0
2020-01-17,0,0,0.0,0.0,0.0,0,0,134,134,0,0
2020-01-19,0,0,0.0,0.0,0.0,0,0,19,19,0,0
2020-01-20,0,0,0.0,0.0,0.0,0,0,112,112,0,0
2020-01-21,0,0,0.0,0.0,0.0,0,0,94,94,0,0
2020-01-22,0,0,0.0,0.0,0.0,0,0,206,206,0,0
2020-01-23,0,0,0.0,0.0,0.0,0,0,247,247,0,0
2020-01-24,0,0,0.0,0.0,0.0,0,0,202,202,0,0
2020-01-26,0,0,0.0,0.0,0.0,0,0,11,11,0,0
2020-01-27,0,0,0.0,0.0,0.0,0,0,284,284,0,0
2020-01-28,0,0,0.0,0.0,0.0,0,0,239,239,0,0
2020-01-29,0,0,0.0,0.0,0.0,0,0,248,248,0,0
2020-01-30,0,0,0.0,0.0,0.0,0,0,266,266,0,0
2020-01-31,0,0,0.0,0.0,0.0,0,0,245,245,0,0
2020-02-02,0,0,0.0,0.0,0.0,0,0,18,18,0,0
2020-02-03,0,0,0.0,0.0,0.0,0,0,263,263,0,0
2020-02-04,0,0,0.0,0.0,0.0,0,0,288,288,0,0
2020-02-05,0,0,0.0,0.0,0.0,0,0,266,266,0,0
2020-02-06,0,0,0.0,0.0,0.0,0,0,260,260,0,0
2020-02-07,0,0,0.0,0.0,0.0,0,0,166,166,0,0
2020-02-09,0,0,0.0,0.0,0.0,0,0,24,24,0,0
2020-02-10,0,0,0.0,0.0,0.0,0,0,252,252,0,0
2020-02-11,0,0,0.0,0.0,0.0,0,0,212,212,0,0
2020-02-12,0,0,0.0,0.0,0.0,0,0,191,191,0,0
2020-02-13,0,0,0.0,0.0,0.0,0,0,217,217,0,0
2020-02-14,0,0,0.0,0.0,0.0,0,0,206,206,0,0
2020-02-16,0,0,0.0,0.0,0.0,0,0,8,8,0,0
2020-02-17,0,0,0.0,0.0,0.0,0,0,177,177,0,0
2020-02-18,0,0,0.0,0.0,0.0,0,0,120,120,0,0
2020-02-19,0,0,0.0,0.0,0.0,0,0,203,203,0,0
2020-02-20,0,0,0.0,0.0,0.0,0,0,288,288,0,0
2020-02-21,0,0,0.0,0.0,0.0,0,0,250,250,0,0
2020-02-23,0,0,0.0,0.0,0.0,0,0,22,22,0,0
2020-02-24,0,0,0.0,0.0,0.0,0,0,287,287,0,0
2020-02-25,0,0,0.0,0.0,0.0,0,0,258,258,0,0
2020-02-26,0,0,0.0,0.0,0.0,0,0,274,274,0,0
2020-02-27,0,0,0.0,0.0,0.0,0,0,286,286,0,0
2020-02-28,0,0,0.0,0.0,0.0,0,0,264,264,0,0
2020-03-01,0,0,0.0,0.0,0.0,0,0,24,24,0,0
2020-03-02,0,0,0.0,0.0,0.0,0,0,272,272,0,0
2020-03-03,0,0,0.0,0.0,0.0,0,0,280,280,0,0
2020-03-04,0,0,0.0,0.0,0.0,0,0,230,230,0,0
2020-03-05,0,0,0.0,0.0,0.0,0,0,269,269,0,0
2020-03-06,0,0,0.0,0.0,0.0,0,0,261,261,0,0
2020-03-08,0,0,0.0,0.0,0.0,0,0,32,32,0,0
2020-03-09,0,0,0.0,0.0,0.0,0,0,271,271,0,0
2020-03-10,0,0,0.0,0.0,0.0,0,0,286,286,0,0
2020-03-11,0,0,0.0,0.0,0.0,0,0,237,237,0,0
2020-03-12,0,0,0.0,0.0,0.0,0,0,282,282,0,0
2020-03-13,0,0,0.0,0.0,0.0,0,0,252,252,0,0
2020-03-15,0,0,0.0,0.0,0.0,0,0,36,36,0,0
2020-03-16,0,0,0.0,0.0,0.0,0,0,288,288,0,0
2020-03-17,0,0,0.0,0.0,0.0,0,0,230,230,0,0
2020-03-18,0,0,0.0,0.0,0.0,0,0,253,253,0,0
2020-03-19,0,0,0.0,0.0,0.0,0,0,288,288,0,0
2020-03-20,0,0,0.0,0.0,0.0,0,0,235,235,0,0
2020-03-22,0,0,0.0,0.0,0.0,0,0,36,36,0,0
2020-03-23,0,0,0.0,0.0,0.0,0,0,240,240,0,0
2020-03-24,0,0,0.0,0.0,0.0,0,0,280,280,0,0
2020-03-25,0,0,0.0,0.0,0.0,0,0,242,242,0,0
2020-03-26,0,0,0.0,0.0,0.0,0,0,284,284,0,0
2020-03-27,0,0,0.0,0.0,0.0,0,0,249,249,0,0
2020-03-29,0,0,0.0,0.0,0.0,0,0,36,36,0,0
2020-03-30,0,0,0.0,0.0,0.0,0,0,246,246,0,0
2020-03-31,0,0,0.0,0.0,0.0,0,0,281,281,0,0
2020-04-01,0,0,0.0,0.0,0.0,0,0,262,262,0,0
2020-04-02,0,0,0.0,0.0,0.0,0,0,230,230,0,0
2020-04-03,0,0,0.0,0.0,0.0,0,0,245,245,0,0
2020-04-05,0,0,0.0,0.0,0.0,0,0,36,36,0,0
2020-04-06,0,0,0.0,0.0,0.0,0,0,287,287,0,0
2020-04-07,0,0,0.0,0.0,0.0,0,0,233,233,0,0
2020-04-08,0,0,0.0,0.0,0.0,0,0,238,238,0,0
2020-04-09,0,0,0.0,0.0,0.0,0,0,214,214,0,0
2020-04-10,0,0,0.0,0.0,0.0,0,0,193,193,0,0
2020-04-12,0,0,0.0,0.0,0.0,0,0,28,28,0,0
2020-04-13,0,0,0.0,0.0,0.0,0,0,195,195,0,0
2020-04-14,0,0,0.0,0.0,0.0,0,0,275,275,0,0
2020-04-15,0,0,0.0,0.0,0.0,0,0,284,284,0,0
2020-04-16,0,0,0.0,0.0,0.0,0,0,278,278,0,0
2020-04-17,0,0,0.0,0.0,0.0,0,0,238,238,0,0
2020-04-19,0,0,0.0,0.0,0.0,0,0,35,35,0,0
2020-04-20,0,0,0.0,0.0,0.0,0,0,270,270,0,0
2020-04-21,0,0,0.0,0.0,0.0,0,0,270,270,0,0
2020-04-22,0,0,0.0,0.0,0.0,0,0,252,252,0,0
2020-04-23,0,0,0.0,0.0,0.0,0,0,259,259,0,0
2020-04-24,0,0,0.0,0.0,0.0,0,0,220,220,0,0
2020-04-26,0,0,0.0,0.0,0.0,0,0,31,31,0,0
2020-04-27,0,0,0.0,0.0,0.0,0,0,265,265,0,0
2020-04-28,0,0,0.0,0.0,0.0,0,0,196,196,0,0
2020-04-29,0,0,0.0,0.0,0.0,0,0,248,248,0,0
2020-04-30,0,0,0.0,0.0,0.0,0,0,237,237,0,0
2020-05-01,0,0,0.0,0.0,0.0,0,0,243,243,0,0
2020-05-03,0,0,0.0,0.0,0.0,0,0,35,35,0,0
2020-05-04,0,0,0.0,0.0,0.0,0,0,248,248,0,0
2020-05-05,0,0,0.0,0.0,0.0,0,0,250,250,0,0
2020-05-06,0,0,0.0,0.0,0.0,0,0,281,281,0,0
2020-05-07,0,0,0.0,0.0,0.0,0,0,274,274,0,0
2020-05-08,0,0,0.0,0.0,0.0,0,0,222,222,0,0
2020-05-10,0,0,0.0,0.0,0.0,0,0,31,31,0,0
2020-05-11,0,0,0.0,0.0,0.0,0,0,279,279,0,0
2020-05-12,0,0,0.0,0.0,0.0,0,0,282,282,0,0
2020-05-13,0,0,0.0,0.0,0.0,0,0,269,269,0,0
2020-05-14,0,0,0.0,0.0,0.0,0,0,256,256,0,0
2020-05-15,0,0,0.0,0.0,0.0,0,0,221,221,0,0
2020-05-17,0,0,0.0,0.0,0.0,0,0,35,35,0,0
2020-05-18,0,0,0.0,0.0,0.0,0,0,251,251,0,0
2020-05-19,0,0,0.0,0.0,0.0,0,0,270,270,0,0
2020-05-20,0,0,0.0,0.0,0.0,0,0,269,269,0,0
2020-05-21,0,0,0.0,0.0,0.0,0,0,268,268,0,0
2020-05-22,0,0,0.0,0.0,0.0,0,0,232,232,0,0
2020-05-24,0,0,0.0,0.0,0.0,0,0,34,34,0,0
2020-05-25,0,0,0.0,0.0,0.0,0,0,255,255,0,0
2020-05-26,0,0,0.0,0.0,0.0,0,0,129,129,0,0
2020-05-27,0,0,0.0,0.0,0.0,0,0,278,278,0,0
2020-05-28,0,0,0.0,0.0,0.0,0,0,262,262,0,0
2020-05-29,0,0,0.0,0.0,0.0,0,0,233,233,0,0
2020-05-31,0,0,0.0,0.0,0.0,0,0,36,36,0,0
2020-06-01,0,0,0.0,0.0,0.0,0,0,256,256,0,0
2020-06-02,0,0,0.0,0.0,0.0,0,0,265,265,0,0
2020-06-03,0,0,0.0,0.0,0.0,0,0,269,269,0,0
2020-06-04,0,0,0.0,0.0,0.0,0,0,244,244,0,0
2020-06-05,0,0,0.0,0.0,0.0,0,0,239,239,0,0
2020-06-07,0,0,0.0,0.0,0.0,0,0,36,36,0,0
2020-06-08,0,0,0.0,0.0,0.0,0,0,283,283,0,0
2020-06-09,0,0,0.0,0.0,0.0,0,0,281,281,0,0
2020-06-10,0,0,0.0,0.0,0.0,0,0,282,282,0,0
2020-06-11,0,0,0.0,0.0,0.0,0,0,279,279,0,0
2020-06-12,0,0,0.0,0.0,0.0,0,0,239,239,0,0
2020-06-14,0,0,0.0,0.0,0.0,0,0,35,35,0,0
2020-06-15,0,0,0.0,0.0,0.0,0,0,224,224,0,0
2020-06-16,0,0,0.0,0.0,0.0,0,0,265,265,0,0
2020-06-17,0,0,0.0,0.0,0.0,0,0,268,268,0,0
2020-06-18,0,0,0.0,0.0,0.0,0,0,275,275,0,0
2020-06-19,0,0,0.0,0.0,0.0,0,0,236,236,0,0
2020-06-21,0,0,0.0,0.0,0.0,0,0,30,30,0,0
2020-06-22,0,0,0.0,0.0,0.0,0,0,200,200,0,0
2020-06-23,0,0,0.0,0.0,0.0,0,0,261,261,0,0
2020-06-24,0,0,0.0,0.0,0.0,0,0,278,278,0,0
2020-06-25,0,0,0.0,0.0,0.0,0,0,271,271,0,0
2020-06-26,0,0,0.0,0.0,0.0,0,0,198,198,0,0
2020-06-28,0,0,0.0,0.0,0.0,0,0,36,36,0,0
2020-06-29,0,0,0.0,0.0,0.0,0,0,239,239,0,0
2020-06-30,0,0,0.0,0.0,0.0,0,0,262,262,0,0
2020-07-01,0,0,0.0,0.0,0.0,0,0,281,281,0,0
2020-07-02,0,0,0.0,0.0,0.0,0,0,220,220,0,0
2020-07-03,0,0,0.0,0.0,0.0,0,0,134,134,0,0
2020-07-05,0,0,0.0,0.0,0.0,0,0,30,30,0,0
2020-07-06,0,0,0.0,0.0,0.0,0,0,153,153,0,0
2020-07-07,0,0,0.0,0.0,0.0,0,0,268,268,0,0
2020-07-08,0,0,0.0,0.0,0.0,0,0,227,227,0,0
2020-07-09,0,0,0.0,0.0,0.0,0,0,244,244,0,0
2020-07-10,0,0,0.0,0.0,0.0,0,0,218,218,0,0
2020-07-12,0,0,0.0,0.0,0.0,0,0,34,34,0,0
2020-07-13,0,0,0.0,0.0,0.0,0,0,235,235,0,0
2020-07-14,0,0,0.0,0.0,0.0,0,0,227,227,0,0
2020-07-15,0,0,0.0,0.0,0.0,0,0,256,256,0,0
2020-07-16,0,0,0.0,0.0,0.0,0,0,238,238,0,0
2020-07-17,0,0,0.0,0.0,0.0,0,0,216,216,0,0
2020-07-19,0,0,0.0,0.0,0.0,0,0,34,34,0,0
2020-07-20,0,0,0.0,0.0,0.0,0,0,217,217,0,0
2020-07-21,0,0,0.0,0.0,0.0,0,0,240,240,0,0
2020-07-22,0,0,0.0,0.0,0.0,0,0,281,281,0,0
2020-07-23,0,0,0.0,0.0,0.0,0,0,174,174,0,0
2020-07-24,0,0,0.0,0.0,0.0,0,0,207,207,0,0
2020-07-26,0,0,0.0,0.0,0.0,0,0,36,36,0,0
2020-07-27,0,0,0.0,0.0,0.0,0,0,286,286,0,0
2020-07-28,0,0,0.0,0.0,0.0,0,0,271,271,0,0
2020-07-29,0,0,0.0,0.0,0.0,0,0,272,272,0,0
2020-07-30,0,0,0.0,0.0,0.0,0,0,234,234,0,0
2020-07-31,0,0,0.0,0.0,0.0,0,0,240,240,0,0
2020-08-02,0,0,0.0,0.0,0.0,0,0,36,36,0,0
2020-08-03,0,0,0.0,0.0,0.0,0,0,265,265,0,0
2020-08-04,0,0,0.0,0.0,0.0,0,0,278,278,0,0
2020-08-05,0,0,0.0,0.0,0.0,0,0,265,265,0,0
2020-08-06,0,0,0.0,0.0,0.0,0,0,233,233,0,0
2020-08-07,0,0,0.0,0.0,0.0,0,0,231,231,0,0
2020-08-09,0,0,0.0,0.0,0.0,0,0,35,35,0,0
2020-08-10,0,0,0.0,0.0,0.0,0,0,237,237,0,0
2020-08-11,0,0,0.0,0.0,0.0,0,0,240,240,0,0
2020-08-12,0,0,0.0,0.0,0.0,0,0,279,279,0,0
2020-08-13,0,0,0.0,0.0,0.0,0,0,232,232,0,0
2020-08-14,0,0,0.0,0.0,0.0,0,0,228,228,0,0
2020-08-16,0,0,0.0,0.0,0.0,0,0,34,34,0,0
2020-08-17,0,0,0.0,0.0,0.0,0,0,282,282,0,0
2020-08-18,0,0,0.0,0.0,0.0,0,0,270,270,0,0
2020-08-19,0,0,0.0,0.0,0.0,0,0,255,255,0,0
2020-08-20,0,0,0.0,0.0,0.0,0,0,287,287,0,0
2020-08-21,0,0,0.0,0.0,0.0,0,0,204,204,0,0
2020-08-23,0,0,0.0,0.0,0.0,0,0,36,36,0,0
2020-08-24,0,0,0.0,0.0,0.0,0,0,279,279,0,0
2020-08-25,0,0,0.0,0.0,0.0,0,0,196,196,0,0
2020-08-26,0,0,0.0,0.0,0.0,0,0,261,261,0,0
2020-08-27,0,0,0.0,0.0,0.0,0,0,267,267,0,0
2020-08-28,0,0,0.0,0.0,0.0,0,0,228,228,0,0
2020-08-30,0,0,0.0,0.0,0.0,0,0,36,36,0,0
2020-08-31,0,0,0.0,0.0,0.0,0,0,288,288,0,0
2020-09-01,0,0,0.0,0.0,0.0,0,0,264,264,0,0
2020-09-02,0,0,0.0,0.0,0.0,0,0,276,276,0,0
2020-09-03,0,0,0.0,0.0,0.0,0,0,266,266,0,0
2020-09-04,0,0,0.0,0.0,0.0,0,0,200,200,0,0
2020-09-06,0,0,0.0,0.0,0.0,0,0,36,36,0,0
2020-09-07,0,0,0.0,0.0,0.0,0,0,228,228,0,0
2020-09-08,0,0,0.0,0.0,0.0,0,0,104,104,0,0
2020-09-09,0,0,0.0,0.0,0.0,0,0,248,248,0,0
2020-09-10,0,0,0.0,0.0,0.0,0,0,262,262,0,0
2020-09-11,0,0,0.0,0.0,0.0,0,0,192,192,0,0
2020-09-13,0,0,0.0,0.0,0.0,0,0,14,14,0,0
2020-09-14,0,0,0.0,0.0,0.0,0,0,223,223,0,0
2020-09-15,0,0,0.0,0.0,0.0,0,0,247,247,0,0
2020-09-16,0,0,0.0,0.0,0.0,0,0,241,241,0,0
2020-09-17,0,0,0.0,0.0,0.0,0,0,287,287,0,0
2020-09-18,0,0,0.0,0.0,0.0,0,0,231,231,0,0
2020-09-20,0,0,0.0,0.0,0.0,0,0,31,31,0,0
2020-09-21,0,0,0.0,0.0,0.0,0,0,269,269,0,0
2020-09-22,0,0,0.0,0.0,0.0,0,0,276,276,0,0
2020-09-23,0,0,0.0,0.0,0.0,0,0,254,254,0,0
2020-09-24,0,0,0.0,0.0,0.0,0,0,238,238,0,0
2020-09-25,0,0,0.0,0.0,0.0,0,0,169,169,0,0
2020-09-27,0,0,0.0,0.0,0.0,0,0,36,36,0,0
2020-09-28,0,0,0.0,0.0,0.0,0,0,242,242,0,0
2020-09-29,0,0,0.0,0.0,0.0,0,0,255,255,0,0
2020-09-30,0,0,0.0,0.0,0.0,0,0,234,234,0,0
2020-10-01,0,0,0.0,0.0,0.0,0,0,207,207,0,0
2020-10-02,0,0,0.0,0.0,0.0,0,0,192,192,0,0
2020-10-04,0,0,0.0,0.0,0.0,0,0,36,36,0,0
2020-10-05,0,0,0.0,0.0,0.0,0,0,233,233,0,0
2020-10-06,0,0,0.0,0.0,0.0,0,0,239,239,0,0
2020-10-07,0,0,0.0,0.0,0.0,0,0,209,209,0,0
2020-10-08,0,0,0.0,0.0,0.0,0,0,225,225,0,0
2020-10-09,0,0,0.0,0.0,0.0,0,0,152,152,0,0
2020-10-11,0,0,0.0,0.0,0.0,0,0,30,30,0,0
2020-10-12,0,0,0.0,0.0,0.0,0,0,267,267,0,0
2020-10-13,0,0,0.0,0.0,0.0,0,0,223,223,0,0
2020-10-14,0,0,0.0,0.0,0.0,0,0,211,211,0,0
2020-10-15,0,0,0.0,0.0,0.0,0,0,251,251,0,0
2020-10-16,0,0,0.0,0.0,0.0,0,0,198,198,0,0
2020-10-18,0,0,0.0,0.0,0.0,0,0,36,36,0,0
2020-10-19,0,0,0.0,0.0,0.0,0,0,213,213,0,0
2020-10-20,0,0,0.0,0.0,0.0,0,0,221,221,0,0
2020-10-21,0,0,0.0,0.0,0.0,0,0,245,245,0,0
2020-10-22,0,0,0.0,0.0,0.0,0,0,255,255,0,0
2020-10-23,0,0,0.0,0.0,0.0,0,0,235,235,0,0
2020-10-25,0,0,0.0,0.0,0.0,0,0,17,17,0,0
2020-10-26,0,0,0.0,0.0,0.0,0,0,246,246,0,0
2020-10-27,0,0,0.0,0.0,0.0,0,0,219,219,0,0
2020-10-28,0,0,0.0,0.0,0.0,0,0,258,258,0,0
2020-10-29,0,0,0.0,0.0,0.0,0,0,261,261,0,0
2020-10-30,0,0,0.0,0.0,0.0,0,0,216,216,0,0
2020-11-01,0,0,0.0,0.0,0.0,0,0,24,24,0,0
2020-11-02,0,0,0.0,0.0,0.0,0,0,261,261,0,0
2020-11-03,0,0,0.0,0.0,0.0,0,0,208,208,0,0
2020-11-04,0,0,0.0,0.0,0.0,0,0,244,244,0,0
2020-11-05,0,0,0.0,0.0,0.0,0,0,254,254,0,0
2020-11-06,0,0,0.0,0.0,0.0,0,0,262,262,0,0
2020-11-08,0,0,0.0,0.0,0.0,0,0,24,24,0,0
2020-11-09,0,0,0.0,0.0,0.0,0,0,225,225,0,0
2020-11-10,0,0,0.0,0.0,0.0,0,0,213,213,0,0
2020-11-11,0,0,0.0,0.0,0.0,0,0,279,279,0,0
2020-11-12,0,0,0.0,0.0,0.0,0,0,273,273,0,0
2020-11-13,0,0,0.0,0.0,0.0,0,0,255,255,0,0
2020-11-15,0,0,0.0,0.0,0.0,0,0,24,24,0,0
2020-11-16,0,0,0.0,0.0,0.0,0,0,248,248,0,0
2020-11-17,0,0,0.0,0.0,0.0,0,0,248,248,0,0
2020-11-18,0,0,0.0,0.0,0.0,0,0,246,246,0,0
2020-11-19,0,0,0.0,0.0,0.0,0,0,268,268,0,0
2020-11-20,0,0,0.0,0.0,0.0,0,0,221,221,0,0
2020-11-22,0,0,0.0,0.0,0.0,0,0,17,17,0,0
2020-11-23,0,0,0.0,0.0,0.0,0,0,151,151,0,0
2020-11-24,0,0,0.0,0.0,0.0,0,0,255,255,0,0
2020-11-25,0,0,0.0,0.0,0.0,0,0,244,244,0,0
2020-11-26,0,0,0.0,0.0,0.0,0,0,232,232,0,0
2020-11-27,0,0,0.0,0.0,0.0,0,0,175,175,0,0
2020-11-29,0,0,0.0,0.0,0.0,0,0,24,24,0,0
2020-11-30,0,0,0.0,0.0,0.0,0,0,231,231,0,0
2020-12-01,0,0,0.0,0.0,0.0,0,0,272,272,0,0
2020-12-02,0,0,0.0,0.0,0.0,0,0,247,247,0,0
2020-12-03,0,0,0.0,0.0,0.0,0,0,231,231,0,0
2020-12-04,0,0,0.0,0.0,0.0,0,0,251,251,0,0
2020-12-06,0,0,0.0,0.0,0.0,0,0,24,24,0,0
2020-12-07,0,0,0.0,0.0,0.0,0,0,252,252,0,0
2020-12-08,0,0,0.0,0.0,0.0,0,0,106,106,0,0
2020-12-09,0,0,0.0,0.0,0.0,0,0,190,190,0,0
2020-12-10,0,0,0.0,0.0,0.0,0,0,248,248,0,0
2020-12-11,0,0,0.0,0.0,0.0,0,0,245,245,0,0
2020-12-13,0,0,0.0,0.0,0.0,0,0,21,21,0,0
2020-12-14,0,0,0.0,0.0,0.0,0,0,185,185,0,0
2020-12-15,0,0,0.0,0.0,0.0,0,0,236,236,0,0
2020-12-16,0,0,0.0,0.0,0.0,0,0,245,245,0,0
2020-12-17,0,0,0.0,0.0,0.0,0,0,287,287,0,0
2020-12-18,0,0,0.0,0.0,0.0,0,0,253,253,0,0
2020-12-20,0,0,0.0,0.0,0.0,0,0,24,24,0,0
2020-12-21,0,0,0.0,0.0,0.0,0,0,262,262,0,0
2020-12-22,0,0,0.0,0.0,0.0,0,0,278,278,0,0
2020-12-23,0,0,0.0,0.0,0.0,0,0,238,238,0,0
2020-12-24,0,0,0.0,0.0,0.0,0,0,244,244,0,0
2020-12-25,0,0,0.0,0.0,0.0,0,0,77,77,0,0
2020-12-27,0,0,0.0,0.0,0.0,0,0,11,11,0,0
2020-12-28,0,0,0.0,0.0,0.0,0,0,188,188,0,0
2020-12-29,0,0,0.0,0.0,0.0,0,0,275,275,0,0
2020-12-30,0,0,0.0,0.0,0.0,0,0,235,235,0,0
2020-12-31,0,0,0.0,0.0,0.0,0,0,207,207,0,0
2021-01-03,0,0,0.0,0.0,0.0,0,0,16,16,0,0
2021-01-04,0,0,0.0,0.0,0.0,0,0,271,271,0,0
2021-01-05,0,0,0.0,0.0,0.0,0,0,273,273,0,0
2021-01-06,0,0,0.0,0.0,0.0,0,0,238,238,0,0
2021-01-07,0,0,0.0,0.0,0.0,0,0,273,273,0,0
2021-01-08,0,0,0.0,0.0,0.0,0,0,228,228,0,0
2021-01-10,0,0,0.0,0.0,0.0,0,0,18,18,0,0
2021-01-11,0,0,0.0,0.0,0.0,0,0,268,268,0,0
2021-01-12,0,0,0.0,0.0,0.0,0,0,278,278,0,0
2021-01-13,0,0,0.0,0.0,0.0,0,0,269,269,0,0
2021-01-14,0,0,0.0,0.0,0.0,0,0,279,279,0,0
2021-01-15,0,0,0.0,0.0,0.0,0,0,242,242,0,0
2021-01-17,0,0,0.0,0.0,0.0,0,0,23,23,0,0
2021-01-18,0,0,0.0,0.0,0.0,0,0,247,247,0,0
2021-01-19,0,0,0.0,0.0,0.0,0,0,212,212,0,0
2021-01-20,0,0,0.0,0.0,0.0,0,0,235,235,0,0
2021-01-21,0,0,0.0,0.0,0.0,0,0,198,198,0,0
2021-01-22,0,0,0.0,0.0,0.0,0,0,188,188,0,0
2021-01-24,0,0,0.0,0.0,0.0,0,0,24,24,0,0
2021-01-25,0,0,0.0,0.0,0.0,0,0,205,205,0,0
2021-01-26,0,0,0.0,0.0,0.0,0,0,153,153,0,0
2021-01-27,0,0,0.0,0.0,0.0,0,0,158,158,0,0
2021-01-28,0,0,0.0,0.0,0.0,0,0,264,264,0,0
2021-01-29,0,0,0.0,0.0,0.0,0,0,242,242,0,0
2021-01-31,0,0,0.0,0.0,0.0,0,0,24,24,0,0
2021-02-01,0,0,0.0,0.0,0.0,0,0,250,250,0,0
2021-02-02,0,0,0.0,0.0,0.0,0,0,239,239,0,0
2021-02-03,0,0,0.0,0.0,0.0,0,0,155,155,0,0
2021-02-04,0,0,0.0,0.0,0.0,0,0,210,210,0,0
2021-02-05,0,0,0.0,0.0,0.0,0,0,207,207,0,0
2021-02-07,0,0,0.0,0.0,0.0,0,0,18,18,0,0
2021-02-08,0,0,0.0,0.0,0.0,0,0,270,270,0,0
2021-02-09,0,0,0.0,0.0,0.0,0,0,259,259,0,0
2021-02-10,0,0,0.0,0.0,0.0,0,0,244,244,0,0
2021-02-11,0,0,0.0,0.0,0.0,0,0,121,121,0,0
2021-02-12,0,0,0.0,0.0,0.0,0,0,218,218,0,0
2021-02-14,0,0,0.0,0.0,0.0,0,0,24,24,0,0
2021-02-15,0,0,0.0,0.0,0.0,0,0,231,231,0,0
2021-02-16,0,0,0.0,0.0,0.0,0,0,214,214,0,0
2021-02-17,0,0,0.0,0.0,0.0,0,0,248,248,0,0
2021-02-18,0,0,0.0,0.0,0.0,0,0,221,221,0,0
2021-02-19,0,0,0.0,0.0,0.0,0,0,220,220,0,0
2021-02-21,0,0,0.0,0.0,0.0,0,0,24,24,0,0
2021-02-22,0,0,0.0,0.0,0.0,0,0,263,263,0,0
2021-02-23,0,0,0.0,0.0,0.0,0,0,267,267,0,0
2021-02-24,0,0,0.0,0.0,0.0,0,0,262,262,0,0
2021-02-25,0,0,0.0,0.0,0.0,0,0,283,283,0,0
2021-02-26,0,0,0.0,0.0,0.0,0,0,253,253,0,0
2021-02-28,0,0,0.0,0.0,0.0,0,0,24,24,0,0
2021-03-01,0,0,0.0,0.0,0.0,0,0,284,284,0,0
2021-03-02,0,0,0.0,0.0,0.0,0,0,281,281,0,0
2021-03-03,0,0,0.0,0.0,0.0,0,0,233,233,0,0
2021-03-04,0,0,0.0,0.0,0.0,0,0,262,262,0,0
2021-03-05,0,0,0.0,0.0,0.0,0,0,250,250,0,0
2021-03-07,0,0,0.0,0.0,0.0,0,0,24,24,0,0
2021-03-08,0,0,0.0,0.0,0.0,0,0,282,282,0,0
2021-03-09,0,0,0.0,0.0,0.0,0,0,261,261,0,0
2021-03-10,0,0,0.0,0.0,0.0,0,0,209,209,0,0
2021-03-11,0,0,0.0,0.0,0.0,0,0,265,265,0,0
2021-03-12,0,0,0.0,0.0,0.0,0,0,238,238,0,0
2021-03-14,0,0,0.0,0.0,0.0,0,0,36,36,0,0
2021-03-15,0,0,0.0,0.0,0.0,0,0,285,285,0,0
2021-03-16,0,0,0.0,0.0,0.0,0,0,208,208,0,0
2021-03-17,0,0,0.0,0.0,0.0,0,0,223,223,0,0
2021-03-18,0,0,0.0,0.0,0.0,0,0,284,284,0,0
2021-03-19,0,0,0.0,0.0,0.0,0,0,227,227,0,0
2021-03-21,0,0,0.0,0.0,0.0,0,0,33,33,0,0
2021-03-22,0,0,0.0,0.0,0.0,0,0,260,260,0,0
2021-03-23,0,0,0.0,0.0,0.0,0,0,224,224,0,0
2021-03-24,0,0,0.0,0.0,0.0,0,0,241,241,0,0
2021-03-25,0,0,0.0,0.0,0.0,0,0,252,252,0,0
2021-03-26,0,0,0.0,0.0,0.0,0,0,231,231,0,0
2021-03-28,0,0,0.0,0.0,0.0,0,0,35,35,0,0
2021-03-29,0,0,0.0,0.0,0.0,0,0,251,251,0,0
2021-03-30,0,0,0.0,0.0,0.0,0,0,261,261,0,0
2021-03-31,0,0,0.0,0.0,0.0,0,0,234,234,0,0
2021-04-01,0,0,0.0,0.0,0.0,0,0,267,267,0,0
2021-04-02,0,0,0.0,0.0,0.0,0,0,195,195,0,0
2021-04-04,0,0,0.0,0.0,0.0,0,0,35,35,0,0
2021-04-05,0,0,0.0,0.0,0.0,0,0,194,194,0,0
2021-04-06,0,0,0.0,0.0,0.0,0,0,255,255,0,0
2021-04-07,0,0,0.0,0.0,0.0,0,0,253,253,0,0
2021-04-08,0,0,0.0,0.0,0.0,0,0,237,237,0,0
2021-04-09,0,0,0.0,0.0,0.0,0,0,241,241,0,0
2021-04-11,0,0,0.0,0.0,0.0,0,0,35,35,0,0
2021-04-12,0,0,0.0,0.0,0.0,0,0,253,253,0,0
2021-04-13,0,0,0.0,0.0,0.0,0,0,216,216,0,0
2021-04-14,0,0,0.0,0.0,0.0,0,0,252,252,0,0
2021-04-15,0,0,0.0,0.0,0.0,0,0,251,251,0,0
2021-04-16,0,0,0.0,0.0,0.0,0,0,218,218,0,0
2021-04-18,0,0,0.0,0.0,0.0,0,0,30,30,0,0
2021-04-19,0,0,0.0,0.0,0.0,0,0,250,250,0,0
2021-04-20,0,0,0.0,0.0,0.0,0,0,254,254,0,0
2021-04-21,0,0,0.0,0.0,0.0,0,0,236,236,0,0
2021-04-22,0,0,0.0,0.0,0.0,0,0,153,153,0,0
2021-04-23,0,0,0.0,0.0,0.0,0,0,211,211,0,0
2021-04-25,0,0,0.0,0.0,0.0,0,0,16,16,0,0
2021-04-26,0,0,0.0,0.0,0.0,0,0,258,258,0,0
2021-04-27,0,0,0.0,0.0,0.0,0,0,250,250,0,0
2021-04-28,0,0,0.0,0.0,0.0,0,0,260,260,0,0
2021-04-29,0,0,0.0,0.0,0.0,0,0,259,259,0,0
2021-04-30,0,0,0.0,0.0,0.0,0,0,217,217,0,0
2021-05-02,0,0,0.0,0.0,0.0,0,0,36,36,0,0
2021-05-03,0,0,0.0,0.0,0.0,0,0,259,259,0,0
2021-05-04,0,0,0.0,0.0,0.0,0,0,241,241,0,0
2021-05-05,0,0,0.0,0.0,0.0,0,0,180,180,0,0
2021-05-06,0,0,0.0,0.0,0.0,0,0,213,213,0,0
2021-05-07,0,0,0.0,0.0,0.0,0,0,167,167,0,0
2021-05-09,0,0,0.0,0.0,0.0,0,0,36,36,0,0
2021-05-10,0,0,0.0,0.0,0.0,0,0,273,273,0,0
2021-05-11,0,0,0.0,0.0,0.0,0,0,274,274,0,0
2021-05-12,0,0,0.0,0.0,0.0,0,0,224,224,0,0
2021-05-13,0,0,0.0,0.0,0.0,0,0,278,278,0,0
2021-05-14,0,0,0.0,0.0,0.0,0,0,198,198,0,0
2021-05-16,0,0,0.0,0.0,0.0,0,0,35,35,0,0
2021-05-17,0,0,0.0,0.0,0.0,0,0,252,252,0,0
2021-05-18,0,0,0.0,0.0,0.0,0,0,229,229,0,0
2021-05-19,0,0,0.0,0.0,0.0,0,0,223,223,0,0
2021-05-20,0,0,0.0,0.0,0.0,0,0,249,249,0,0
2021-05-21,0,0,0.0,0.0,0.0,0,0,186,186,0,0
2021-05-23,0,0,0.0,0.0,0.0,0,0,36,36,0,0
2021-05-24,0,0,0.0,0.0,0.0,0,0,232,232,0,0
2021-05-25,0,0,0.0,0.0,0.0,0,0,190,190,0,0
2021-05-26,0,0,0.0,0.0,0.0,0,0,205,205,0,0
2021-05-27,0,0,0.0,0.0,0.0,0,0,217,217,0,0
2021-05-28,0,0,0.0,0.0,0.0,0,0,208,208,0,0
2021-05-30,0,0,0.0,0.0,0.0,0,0,36,36,0,0
2021-05-31,0,0,0.0,0.0,0.0,0,0,228,228,0,0
2021-06-01,0,0,0.0,0.0,0.0,0,0,196,196,0,0
2021-06-02,0,0,0.0,0.0,0.0,0,0,256,256,0,0
2021-06-03,0,0,0.0,0.0,0.0,0,0,177,177,0,0
2021-06-04,0,0,0.0,0.0,0.0,0,0,219,219,0,0
2021-06-06,0,0,0.0,0.0,0.0,0,0,35,35,0,0
2021-06-07,0,0,0.0,0.0,0.0,0,0,253,253,0,0
2021-06-08,0,0,0.0,0.0,0.0,0,0,180,180,0,0
2021-06-09,0,0,0.0,0.0,0.0,0,0,128,128,0,0
2021-06-10,0,0,0.0,0.0,0.0,0,0,212,212,0,0
2021-06-11,0,0,0.0,0.0,0.0,0,0,184,184,0,0
2021-06-13,0,0,0.0,0.0,0.0,0,0,28,28,0,0
2021-06-14,0,0,0.0,0.0,0.0,0,0,221,221,0,0
2021-06-15,0,0,0.0,0.0,0.0,0,0,157,157,0,0
2021-06-16,0,0,0.0,0.0,0.0,0,0,163,163,0,0
2021-06-17,0,0,0.0,0.0,0.0,0,0,265,265,0,0
2021-06-18,0,0,0.0,0.0,0.0,0,0,215,215,0,0
2021-06-20,0,0,0.0,0.0,0.0,0,0,15,15,0,0
2021-06-21,0,0,0.0,0.0,0.0,0,0,242,242,0,0
2021-06-22,0,0,0.0,0.0,0.0,0,0,264,264,0,0
2021-06-23,0,0,0.0,0.0,0.0,0,0,258,258,0,0
2021-06-24,0,0,0.0,0.0,0.0,0,0,225,225,0,0
2021-06-25,0,0,0.0,0.0,0.0,0,0,139,139,0,0
2021-06-27,0,0,0.0,0.0,0.0,0,0,35,35,0,0
2021-06-28,0,0,0.0,0.0,0.0,0,0,246,246,0,0
2021-06-29,0,0,0.0,0.0,0.0,0,0,208,208,0,0
2021-06-30,0,0,0.0,0.0,0.0,0,0,207,207,0,0
2021-07-01,0,0,0.0,0.0,0.0,0,0,216,216,0,0
2021-07-02,0,0,0.0,0.0,0.0,0,0,177,177,0,0
2021-07-04,0,0,0.0,0.0,0.0,0,0,27,27,0,0
2021-07-05,0,0,0.0,0.0,0.0,0,0,246,246,0,0
2021-07-06,0,0,0.0,0.0,0.0,0,0,197,197,0,0
2021-07-07,0,0,0.0,0.0,0.0,0,0,232,232,0,0
2021-07-08,0,0,0.0,0.0,0.0,0,0,248,248,0,0
2021-07-09,0,0,0.0,0.0,0.0,0,0,229,229,0,0
2021-07-11,0,0,0.0,0.0,0.0,0,0,36,36,0,0
2021-07-12,0,0,0.0,0.0,0.0,0,0,251,251,0,0
2021-07-13,0,0,0.0,0.0,0.0,0,0,229,229,0,0
2021-07-14,0,0,0.0,0.0,0.0,0,0,223,223,0,0
2021-07-15,0,0,0.0,0.0,0.0,0,0,224,224,0,0
2021-07-16,0,0,0.0,0.0,0.0,0,0,231,231,0,0
2021-07-18,0,0,0.0,0.0,0.0,0,0,35,35,0,0
2021-07-19,0,0,0.0,0.0,0.0,0,0,234,234,0,0
2021-07-20,0,0,0.0,0.0,0.0,0,0,274,274,0,0
2021-07-21,0,0,0.0,0.0,0.0,0,0,249,249,0,0
2021-07-22,0,0,0.0,0.0,0.0,0,0,187,187,0,0
2021-07-23,0,0,0.0,0.0,0.0,0,0,201,201,0,0
2021-07-25,0,0,0.0,0.0,0.0,0,0,17,17,0,0
2021-07-26,0,0,0.0,0.0,0.0,0,0,241,241,0,0
2021-07-27,0,0,0.0,0.0,0.0,0,0,201,201,0,0
2021-07-28,0,0,0.0,0.0,0.0,0,0,272,272,0,0
2021-07-29,0,0,0.0,0.0,0.0,0,0,225,225,0,0
2021-07-30,0,0,0.0,0.0,0.0,0,0,217,217,0,0
2021-08-01,0,0,0.0,0.0,0.0,0,0,30,30,0,0
2021-08-02,0,0,0.0,0.0,0.0,0,0,238,238,0,0
2021-08-03,0,0,0.0,0.0,0.0,0,0,246,246,0,0
2021-08-04,0,0,0.0,0.0,0.0,0,0,203,203,0,0
2021-08-05,0,0,0.0,0.0,0.0,0,0,210,210,0,0
2021-08-06,0,0,0.0,0.0,0.0,0,0,148,148,0,0
2021-08-08,0,0,0.0,0.0,0.0,0,0,20,20,0,0
2021-08-09,0,0,0.0,0.0,0.0,0,0,210,210,0,0
2021-08-10,0,0,0.0,0.0,0.0,0,0,239,239,0,0
2021-08-11,0,0,0.0,0.0,0.0,0,0,161,161,0,0
2021-08-12,0,0,0.0,0.0,0.0,0,0,196,196,0,0
2021-08-13,0,0,0.0,0.0,0.0,0,0,129,129,0,0
2021-08-15,0,0,0.0,0.0,0.0,0,0,13,13,0,0
2021-08-16,0,0,0.0,0.0,0.0,0,0,271,271,0,0
2021-08-17,0,0,0.0,0.0,0.0,0,0,226,226,0,0
2021-08-18,0,0,0.0,0.0,0.0,0,0,218,218,0,0
2021-08-19,0,0,0.0,0.0,0.0,0,0,230,230,0,0
2021-08-20,0,0,0.0,0.0,0.0,0,0,202,202,0,0
2021-08-22,0,0,0.0,0.0,0.0,0,0,36,36,0,0
2021-08-23,0,0,0.0,0.0,0.0,0,0,226,226,0,0
2021-08-24,0,0,0.0,0.0,0.0,0,0,183,183,0,0
2021-08-25,0,0,0.0,0.0,0.0,0,0,217,217,0,0
2021-08-26,0,0,0.0,0.0,0.0,0,0,269,269,0,0
2021-08-27,0,0,0.0,0.0,0.0,0,0,174,174,0,0
2021-08-29,0,0,0.0,0.0,0.0,0,0,36,36,0,0
2021-08-30,0,0,0.0,0.0,0.0,0,0,226,226,0,0
2021-08-31,0,0,0.0,0.0,0.0,0,0,155,155,0,0
2021-09-01,0,0,0.0,0.0,0.0,0,0,200,200,0,0
2021-09-02,0,0,0.0,0.0,0.0,0,0,226,226,0,0
2021-09-03,0,0,0.0,0.0,0.0,0,0,142,142,0,0
2021-09-05,0,0,0.0,0.0,0.0,0,0,35,35,0,0
2021-09-06,0,0,0.0,0.0,0.0,0,0,206,206,0,0
2021-09-07,0,0,0.0,0.0,0.0,0,0,135,135,0,0
2021-09-08,0,0,0.0,0.0,0.0,0,0,189,189,0,0
2021-09-09,0,0,0.0,0.0,0.0,0,0,222,222,0,0
2021-09-10,0,0,0.0,0.0,0.0,0,0,218,218,0,0
2021-09-12,0,0,0.0,0.0,0.0,0,0,18,18,0,0
2021-09-13,0,0,0.0,0.0,0.0,0,0,211,211,0,0
2021-09-14,0,0,0.0,0.0,0.0,0,0,151,151,0,0
2021-09-15,0,0,0.0,0.0,0.0,0,0,213,213,0,0
2021-09-16,0,0,0.0,0.0,0.0,0,0,212,212,0,0
2021-09-17,0,0,0.0,0.0,0.0,0,0,174,174,0,0
2021-09-19,0,0,0.0,0.0,0.0,0,0,32,32,0,0
2021-09-20,0,0,0.0,0.0,0.0,0,0,224,224,0,0
2021-09-21,0,0,0.0,0.0,0.0,0,0,274,274,0,0
2021-09-22,0,0,0.0,0.0,0.0,0,0,221,221,0,0
2021-09-23,0,0,0.0,0.0,0.0,0,0,249,249,0,0
2021-09-24,0,0,0.0,0.0,0.0,0,0,207,207,0,0
2021-09-26,0,0,0.0,0.0,0.0,0,0,36,36,0,0
2021-09-27,0,0,0.0,0.0,0.0,0,0,237,237,0,0
2021-09-28,0,0,0.0,0.0,0.0,0,0,227,227,0,0
2021-09-29,0,0,0.0,0.0,0.0,0,0,244,244,0,0
2021-09-30,0,0,0.0,0.0,0.0,0,0,233,233,0,0
2021-10-01,0,0,0.0,0.0,0.0,0,0,243,243,0,0
2021-10-03,0,0,0.0,0.0,0.0,0,0,36,36,0,0
2021-10-04,0,0,0.0,0.0,0.0,0,0,257,257,0,0
2021-10-05,0,0,0.0,0.0,0.0,0,0,272,272,0,0
2021-10-06,0,0,0.0,0.0,0.0,0,0,265,265,0,0
2021-10-07,0,0,0.0,0.0,0.0,0,0,232,232,0,0
2021-10-08,0,0,0.0,0.0,0.0,0,0,199,199,0,0
2021-10-10,0,0,0.0,0.0,0.0,0,0,36,36,0,0
2021-10-11,0,0,0.0,0.0,0.0,0,0,280,280,0,0
2021-10-12,0,0,0.0,0.0,0.0,0,0,255,255,0,0
2021-10-13,0,0,0.0,0.0,0.0,0,0,256,256,0,0
2021-10-14,0,0,0.0,0.0,0.0,0,0,248,248,0,0
2021-10-15,0,0,0.0,0.0,0.0,0,0,218,218,0,0
2021-10-17,0,0,0.0,0.0,0.0,0,0,36,36,0,0
2021-10-18,0,0,0.0,0.0,0.0,0,0,232,232,0,0
2021-10-19,0,0,0.0,0.0,0.0,0,0,255,255,0,0
2021-10-20,0,0,0.0,0.0,0.0,0,0,250,250,0,0
2021-10-21,0,0,0.0,0.0,0.0,0,0,274,274,0,0
2021-10-22,0,0,0.0,0.0,0.0,0,0,195,195,0,0
2021-10-24,0,0,0.0,0.0,0.0,0,0,36,36,0,0
2021-10-25,0,0,0.0,0.0,0.0,0,0,230,230,0,0
2021-10-26,0,0,0.0,0.0,0.0,0,0,249,249,0,0
2021-10-27,0,0,0.0,0.0,0.0,0,0,241,241,0,0
2021-10-28,0,0,0.0,0.0,0.0,0,0,256,256,0,0
2021-10-29,0,0,0.0,0.0,0.0,0,0,207,207,0,0
2021-10-31,0,0,0.0,0.0,0.0,0,0,36,36,0,0
2021-11-01,0,0,0.0,0.0,0.0,0,0,251,251,0,0
2021-11-02,0,0,0.0,0.0,0.0,0,0,280,280,0,0
2021-11-03,0,0,0.0,0.0,0.0,0,0,236,236,0,0
2021-11-04,0,0,0.0,0.0,0.0,0,0,256,256,0,0
2021-11-05,0,0,0.0,0.0,0.0,0,0,230,230,0,0
2021-11-07,0,0,0.0,0.0,0.0,0,0,24,24,0,0
2021-11-08,0,0,0.0,0.0,0.0,0,0,255,255,0,0
2021-11-09,0,0,0.0,0.0,0.0,0,0,250,250,0,0
2021-11-10,0,0,0.0,0.0,0.0,0,0,268,268,0,0
2021-11-11,0,0,0.0,0.0,0.0,0,0,275,275,0,0
2021-11-12,0,0,0.0,0.0,0.0,0,0,200,200,0,0
2021-11-14,0,0,0.0,0.0,0.0,0,0,21,21,0,0
2021-11-15,0,0,0.0,0.0,0.0,0,0,228,228,0,0
2021-11-16,0,0,0.0,0.0,0.0,0,0,252,252,0,0
2021-11-17,0,0,0.0,0.0,0.0,0,0,272,272,0,0
2021-11-18,0,0,0.0,0.0,0.0,0,0,288,288,0,0
2021-11-19,0,0,0.0,0.0,0.0,0,0,197,197,0,0
2021-11-21,0,0,0.0,0.0,0.0,0,0,17,17,0,0
2021-11-22,0,0,0.0,0.0,0.0,0,0,273,273,0,0
2021-11-23,0,0,0.0,0.0,0.0,0,0,266,266,0,0
2021-11-24,0,0,0.0,0.0,0.0,0,0,231,231,0,0
2021-11-25,0,0,0.0,0.0,0.0,0,0,202,202,0,0
2021-11-26,0,0,0.0,0.0,0.0,0,0,114,114,0,0
2021-11-28,0,0,0.0,0.0,0.0,0,0,21,21,0,0
2021-11-29,0,0,0.0,0.0,0.0,0,0,237,237,0,0
2021-11-30,0,0,0.0,0.0,0.0,0,0,255,255,0,0
2021-12-01,0,0,0.0,0.0,0.0,0,0,220,220,0,0
2021-12-02,0,0,0.0,0.0,0.0,0,0,253,253,0,0
2021-12-03,0,0,0.0,0.0,0.0,0,0,253,253,0,0
2021-12-05,0,0,0.0,0.0,0.0,0,0,24,24,0,0
2021-12-06,0,0,0.0,0.0,0.0,0,0,226,226,0,0
2021-12-07,0,0,0.0,0.0,0.0,0,0,272,272,0,0
2021-12-08,0,0,0.0,0.0,0.0,0,0,267,267,0,0
2021-12-09,0,0,0.0,0.0,0.0,0,0,283,283,0,0
2021-12-10,0,0,0.0,0.0,0.0,0,0,220,220,0,0
2021-12-12,0,0,0.0,0.0,0.0,0,0,16,16,0,0
2021-12-13,0,0,0.0,0.0,0.0,0,0,251,251,0,0
2021-12-14,0,0,0.0,0.0,0.0,0,0,242,242,0,0
2021-12-15,0,0,0.0,0.0,0.0,0,0,211,211,0,0
2021-12-16,0,0,0.0,0.0,0.0,0,0,277,277,0,0
2021-12-17,0,0,0.0,0.0,0.0,0,0,246,246,0,0
2021-12-19,0,0,0.0,0.0,0.0,0,0,22,22,0,0
2021-12-20,0,0,0.0,0.0,0.0,0,0,211,211,0,0
2021-12-21,0,0,0.0,0.0,0.0,0,0,278,278,0,0
2021-12-22,0,0,0.0,0.0,0.0,0,0,222,222,0,0
2021-12-23,0,0,0.0,0.0,0.0,0,0,154,154,0,0
2021-12-24,0,0,0.0,0.0,0.0,0,0,159,159,0,0
2021-12-26,0,0,0.0,0.0,0.0,0,0,9,9,0,0
2021-12-27,0,0,0.0,0.0,0.0,0,0,110,110,0,0
2021-12-28,0,0,0.0,0.0,0.0,0,0,220,220,0,0
2021-12-29,0,0,0.0,0.0,0.0,0,0,155,155,0,0
2021-12-30,0,0,0.0,0.0,0.0,0,0,210,210,0,0
2021-12-31,0,0,0.0,0.0,0.0,0,0,125,125,0,0
2022-01-02,0,0,0.0,0.0,0.0,0,0,6,6,0,0
2022-01-03,0,0,0.0,0.0,0.0,0,0,212,212,0,0
2022-01-04,0,0,0.0,0.0,0.0,0,0,269,269,0,0
2022-01-05,0,0,0.0,0.0,0.0,0,0,271,271,0,0
2022-01-06,0,0,0.0,0.0,0.0,0,0,256,256,0,0
2022-01-07,0,0,0.0,0.0,0.0,0,0,164,164,0,0
2022-01-09,0,0,0.0,0.0,0.0,0,0,23,23,0,0
2022-01-10,0,0,0.0,0.0,0.0,0,0,253,253,0,0
2022-01-11,0,0,0.0,0.0,0.0,0,0,254,254,0,0
2022-01-12,0,0,0.0,0.0,0.0,0,0,226,226,0,0
2022-01-13,0,0,0.0,0.0,0.0,0,0,283,283,0,0
2022-01-14,0,0,0.0,0.0,0.0,0,0,249,249,0,0
2022-01-16,0,0,0.0,0.0,0.0,0,0,24,24,0,0
2022-01-17,0,0,0.0,0.0,0.0,0,0,271,271,0,0
2022-01-18,0,0,0.0,0.0,0.0,0,0,193,193,0,0
2022-01-19,0,0,0.0,0.0,0.0,0,0,245,245,0,0
2022-01-20,0,0,0.0,0.0,0.0,0,0,208,208,0,0
2022-01-21,0,0,0.0,0.0,0.0,0,0,259,259,0,0
2022-01-23,0,0,0.0,0.0,0.0,0,0,24,24,0,0
2022-01-24,0,0,0.0,0.0,0.0,0,0,223,223,0,0
2022-01-25,0,0,0.0,0.0,0.0,0,0,197,197,0,0
2022-01-26,0,0,0.0,0.0,0.0,0,0,251,251,0,0
2022-01-27,0,0,0.0,0.0,0.0,0,0,281,281,0,0
2022-01-28,0,0,0.0,0.0,0.0,0,0,259,259,0,0
2022-01-30,0,0,0.0,0.0,0.0,0,0,18,18,0,0
2022-01-31,0,0,0.0,0.0,0.0,0,0,216,216,0,0
2022-02-01,0,0,0.0,0.0,0.0,0,0,272,272,0,0
2022-02-02,0,0,0.0,0.0,0.0,0,0,254,254,0,0
2022-02-03,0,0,0.0,0.0,0.0,0,0,265,265,0,0
2022-02-04,0,0,0.0,0.0,0.0,0,0,202,202,0,0
2022-02-06,0,0,0.0,0.0,0.0,0,0,24,24,0,0
2022-02-07,0,0,0.0,0.0,0.0,0,0,287,287,0,0
2022-02-08,0,0,0.0,0.0,0.0,0,0,250,250,0,0
2022-02-09,0,0,0.0,0.0,0.0,0,0,247,247,0,0
2022-02-10,0,0,0.0,0.0,0.0,0,0,229,229,0,0
2022-02-11,0,0,0.0,0.0,0.0,0,0,194,194,0,0
2022-02-13,0,0,0.0,0.0,0.0,0,0,24,24,0,0
2022-02-14,0,0,0.0,0.0,0.0,0,0,285,285,0,0
2022-02-15,0,0,0.0,0.0,0.0,0,0,230,230,0,0
2022-02-16,0,0,0.0,0.0,0.0,0,0,224,224,0,0
2022-02-17,0,0,0.0,0.0,0.0,0,0,260,260,0,0
2022-02-18,0,0,0.0,0.0,0.0,0,0,234,234,0,0
2022-02-20,0,0,0.0,0.0,0.0,0,0,18,18,0,0
2022-02-21,0,0,0.0,0.0,0.0,0,0,256,256,0,0
2022-02-22,0,0,0.0,0.0,0.0,0,0,258,258,0,0
2022-02-23,0,0,0.0,0.0,0.0,0,0,193,193,0,0
2022-02-24,0,0,0.0,0.0,0.0,0,0,268,268,0,0
2022-02-25,0,0,0.0,0.0,0.0,0,0,230,230,0,0
2022-02-27,0,0,0.0,0.0,0.0,0,0,23,23,0,0
2022-02-28,0,0,0.0,0.0,0.0,0,0,253,253,0,0
2022-03-01,0,0,0.0,0.0,0.0,0,0,277,277,0,0
2022-03-02,0,0,0.0,0.0,0.0,0,0,247,247,0,0
2022-03-03,0,0,0.0,0.0,0.0,0,0,260,260,0,0
2022-03-04,0,0,0.0,0.0,0.0,0,0,224,224,0,0
2022-03-06,0,0,0.0,0.0,0.0,0,0,24,24,0,0
2022-03-07,0,0,0.0,0.0,0.0,0,0,267,267,0,0
2022-03-08,0,0,0.0,0.0,0.0,0,0,284,284,0,0
2022-03-09,0,0,0.0,0.0,0.0,0,0,286,286,0,0
2022-03-10,0,0,0.0,0.0,0.0,0,0,261,261,0,0
2022-03-11,0,0,0.0,0.0,0.0,0,0,241,241,0,0
2022-03-13,0,0,0.0,0.0,0.0,0,0,36,36,0,0
2022-03-14,0,0,0.0,0.0,0.0,0,0,278,278,0,0
2022-03-15,0,0,0.0,0.0,0.0,0,0,262,262,0,0
2022-03-16,0,0,0.0,0.0,0.0,0,0,227,227,0,0
2022-03-17,0,0,0.0,0.0,0.0,0,0,282,282,0,0
2022-03-18,0,0,0.0,0.0,0.0,0,0,197,197,0,0
2022-03-20,0,0,0.0,0.0,0.0,0,0,36,36,0,0
2022-03-21,0,0,0.0,0.0,0.0,0,0,209,209,0,0
2022-03-22,0,0,0.0,0.0,0.0,0,0,254,254,0,0
2022-03-23,0,0,0.0,0.0,0.0,0,0,274,274,0,0
2022-03-24,0,0,0.0,0.0,0.0,0,0,276,276,0,0
2022-03-25,0,0,0.0,0.0,0.0,0,0,233,233,0,0
2022-03-27,0,0,0.0,0.0,0.0,0,0,36,36,0,0
2022-03-28,0,0,0.0,0.0,0.0,0,0,243,243,0,0
2022-03-29,0,0,0.0,0.0,0.0,0,0,279,279,0,0
2022-03-30,0,0,0.0,0.0,0.0,0,0,254,254,0,0
2022-03-31,0,0,0.0,0.0,0.0,0,0,256,256,0,0
2022-04-01,0,0,0.0,0.0,0.0,0,0,237,237,0,0
2022-04-03,0,0,0.0,0.0,0.0,0,0,36,36,0,0
2022-04-04,0,0,0.0,0.0,0.0,0,0,236,236,0,0
2022-04-05,0,0,0.0,0.0,0.0,0,0,268,268,0,0
2022-04-06,0,0,0.0,0.0,0.0,0,0,282,282,0,0
2022-04-07,0,0,0.0,0.0,0.0,0,0,265,265,0,0
2022-04-08,0,0,0.0,0.0,0.0,0,0,242,242,0,0
2022-04-10,0,0,0.0,0.0,0.0,0,0,36,36,0,0
2022-04-11,0,0,0.0,0.0,0.0,0,0,271,271,0,0
2022-04-12,0,0,0.0,0.0,0.0,0,0,227,227,0,0
2022-04-13,0,0,0.0,0.0,0.0,0,0,256,256,0,0
2022-04-14,0,0,0.0,0.0,0.0,0,0,286,286,0,0
2022-04-15,0,0,0.0,0.0,0.0,0,0,231,231,0,0
2022-04-17,0,0,0.0,0.0,0.0,0,0,34,34,0,0
2022-04-18,0,0,0.0,0.0,0.0,0,0,232,232,0,0
2022-04-19,0,0,0.0,0.0,0.0,0,0,241,241,0,0
2022-04-20,0,0,0.0,0.0,0.0,0,0,254,254,0,0
2022-04-21,0,0,0.0,0.0,0.0,0,0,285,285,0,0
2022-04-22,0,0,0.0,0.0,0.0,0,0,214,214,0,0
2022-04-24,0,0,0.0,0.0,0.0,0,0,34,34,0,0
2022-04-25,0,0,0.0,0.0,0.0,0,0,286,286,0,0
2022-04-26,0,0,0.0,0.0,0.0,0,0,273,273,0,0
2022-04-27,0,0,0.0,0.0,0.0,0,0,278,278,0,0
2022-04-28,0,0,0.0,0.0,0.0,0,0,258,258,0,0
2022-04-29,0,0,0.0,0.0,0.0,0,0,232,232,0,0
2022-05-01,0,0,0.0,0.0,0.0,0,0,36,36,0,0
2022-05-02,0,0,0.0,0.0,0.0,0,0,276,276,0,0
2022-05-03,0,0,0.0,0.0,0.0,0,0,261,261,0,0
2022-05-04,0,0,0.0,0.0,0.0,0,0,124,124,0,0
2022-05-05,0,0,0.0,0.0,0.0,0,0,280,280,0,0
2022-05-06,0,0,0.0,0.0,0.0,0,0,229,229,0,0
2022-05-08,0,0,0.0,0.0,0.0,0,0,34,34,0,0
2022-05-09,0,0,0.0,0.0,0.0,0,0,283,283,0,0
2022-05-10,0,0,0.0,0.0,0.0,0,0,245,245,0,0
2022-05-11,0,0,0.0,0.0,0.0,0,0,211,211,0,0
2022-05-12,0,0,0.0,0.0,0.0,0,0,266,266,0,0
2022-05-13,0,0,0.0,0.0,0.0,0,0,248,248,0,0
2022-05-15,0,0,0.0,0.0,0.0,0,0,35,35,0,0
2022-05-16,0,0,0.0,0.0,0.0,0,0,255,255,0,0
2022-05-17,0,0,0.0,0.0,0.0,0,0,265,265,0,0
2022-05-18,0,0,0.0,0.0,0.0,0,0,256,256,0,0
2022-05-19,0,0,0.0,0.0,0.0,0,0,282,282,0,0
2022-05-20,0,0,0.0,0.0,0.0,0,0,235,235,0,0
2022-05-22,0,0,0.0,0.0,0.0,0,0,32,32,0,0
2022-05-23,0,0,0.0,0.0,0.0,0,0,242,242,0,0
2022-05-24,0,0,0.0,0.0,0.0,0,0,222,222,0,0
2022-05-25,0,0,0.0,0.0,0.0,0,0,279,279,0,0
2022-05-26,0,0,0.0,0.0,0.0,0,0,267,267,0,0
2022-05-27,0,0,0.0,0.0,0.0,0,0,239,239,0,0
2022-05-29,0,0,0.0,0.0,0.0,0,0,34,34,0,0
2022-05-30,0,0,0.0,0.0,0.0,0,0,288,288,0,0
2022-05-31,0,0,0.0,0.0,0.0,0,0,241,241,0,0
2022-06-01,0,0,0.0,0.0,0.0,0,0,271,271,0,0
2022-06-02,0,0,0.0,0.0,0.0,0,0,273,273,0,0
2022-06-03,0,0,0.0,0.0,0.0,0,0,223,223,0,0
2022-06-05,0,0,0.0,0.0,0.0,0,0,36,36,0,0
2022-06-06,0,0,0.0,0.0,0.0,0,0,268,268,0,0
2022-06-07,0,0,0.0,0.0,0.0,0,0,276,276,0,0
2022-06-08,0,0,0.0,0.0,0.0,0,0,254,254,0,0
2022-06-09,0,0,0.0,0.0,0.0,0,0,263,263,0,0
2022-06-10,0,0,0.0,0.0,0.0,0,0,190,190,0,0
2022-06-12,0,0,0.0,0.0,0.0,0,0,32,32,0,0
2022-06-13,0,0,0.0,0.0,0.0,0,0,246,246,0,0
2022-06-14,0,0,0.0,0.0,0.0,0,0,266,266,0,0
2022-06-15,0,0,0.0,0.0,0.0,0,0,255,255,0,0
2022-06-16,0,0,0.0,0.0,0.0,0,0,268,268,0,0
2022-06-17,0,0,0.0,0.0,0.0,0,0,250,250,0,0
2022-06-19,0,0,0.0,0.0,0.0,0,0,36,36,0,0
2022-06-20,0,0,0.0,0.0,0.0,0,0,288,288,0,0
2022-06-21,0,0,0.0,0.0,0.0,0,0,252,252,0,0
2022-06-22,0,0,0.0,0.0,0.0,0,0,256,256,0,0
2022-06-23,0,0,0.0,0.0,0.0,0,0,274,274,0,0
2022-06-24,0,0,0.0,0.0,0.0,0,0,231,231,0,0
2022-06-26,0,0,0.0,0.0,0.0,0,0,30,30,0,0
2022-06-27,0,0,0.0,0.0,0.0,0,0,264,264,0,0
2022-06-28,0,0,0.0,0.0,0.0,0,0,280,280,0,0
2022-06-29,0,0,0.0,0.0,0.0,0,0,274,274,0,0
2022-06-30,0,0,0.0,0.0,0.0,0,0,280,280,0,0
2022-07-01,0,0,0.0,0.0,0.0,0,0,236,236,0,0
2022-07-03,0,0,0.0,0.0,0.0,0,0,36,36,0,0
2022-07-04,0,0,0.0,0.0,0.0,0,0,254,254,0,0
2022-07-05,0,0,0.0,0.0,0.0,0,0,232,232,0,0
2022-07-06,0,0,0.0,0.0,0.0,0,0,258,258,0,0
2022-07-07,0,0,0.0,0.0,0.0,0,0,271,271,0,0
2022-07-08,0,0,0.0,0.0,0.0,0,0,199,199,0,0
2022-07-10,0,0,0.0,0.0,0.0,0,0,36,36,0,0
2022-07-11,0,0,0.0,0.0,0.0,0,0,264,264,0,0
2022-07-12,0,0,0.0,0.0,0.0,0,0,264,264,0,0
2022-07-13,0,0,0.0,0.0,0.0,0,0,256,256,0,0
2022-07-14,0,0,0.0,0.0,0.0,0,0,275,275,0,0
2022-07-15,0,0,0.0,0.0,0.0,0,0,208,208,0,0
2022-07-17,0,0,0.0,0.0,0.0,0,0,34,34,0,0
2022-07-18,0,0,0.0,0.0,0.0,0,0,259,259,0,0
2022-07-19,0,0,0.0,0.0,0.0,0,0,260,260,0,0
2022-07-20,0,0,0.0,0.0,0.0,0,0,243,243,0,0
2022-07-21,0,0,0.0,0.0,0.0,0,0,265,265,0,0
2022-07-22,0,0,0.0,0.0,0.0,0,0,232,232,0,0
2022-07-24,0,0,0.0,0.0,0.0,0,0,36,36,0,0
2022-07-25,0,0,0.0,0.0,0.0,0,0,286,286,0,0
2022-07-26,0,0,0.0,0.0,0.0,0,0,243,243,0,0
2022-07-27,0,0,0.0,0.0,0.0,0,0,254,254,0,0
2022-07-28,0,0,0.0,0.0,0.0,0,0,273,273,0,0
2022-07-29,0,0,0.0,0.0,0.0,0,0,232,232,0,0
2022-07-31,0,0,0.0,0.0,0.0,0,0,36,36,0,0
2022-08-01,0,0,0.0,0.0,0.0,0,0,258,258,0,0
2022-08-02,0,0,0.0,0.0,0.0,0,0,265,265,0,0
2022-08-03,0,0,0.0,0.0,0.0,0,0,280,280,0,0
2022-08-04,0,0,0.0,0.0,0.0,0,0,253,253,0,0
2022-08-05,0,0,0.0,0.0,0.0,0,0,233,233,0,0
2022-08-07,0,0,0.0,0.0,0.0,0,0,36,36,0,0
2022-08-08,0,0,0.0,0.0,0.0,0,0,275,275,0,0
2022-08-09,0,0,0.0,0.0,0.0,0,0,275,275,0,0
2022-08-10,0,0,0.0,0.0,0.0,0,0,184,184,0,0
2022-08-11,0,0,0.0,0.0,0.0,0,0,231,231,0,0
2022-08-12,0,0,0.0,0.0,0.0,0,0,234,234,0,0
2022-08-14,0,0,0.0,0.0,0.0,0,0,35,35,0,0
2022-08-15,0,0,0.0,0.0,0.0,0,0,260,260,0,0
2022-08-16,0,0,0.0,0.0,0.0,0,0,272,272,0,0
2022-08-17,0,0,0.0,0.0,0.0,0,0,271,271,0,0
2022-08-18,0,0,0.0,0.0,0.0,0,0,278,278,0,0
2022-08-19,0,0,0.0,0.0,0.0,0,0,212,212,0,0
2022-08-21,0,0,0.0,0.0,0.0,0,0,36,36,0,0
2022-08-22,0,0,0.0,0.0,0.0,0,0,262,262,0,0
2022-08-23,0,0,0.0,0.0,0.0,0,0,243,243,0,0
2022-08-24,0,0,0.0,0.0,0.0,0,0,261,261,0,0
2022-08-25,0,0,0.0,0.0,0.0,0,0,259,259,0,0
2022-08-26,0,0,0.0,0.0,0.0,0,0,204,204,0,0
2022-08-28,0,0,0.0,0.0,0.0,0,0,36,36,0,0
2022-08-29,0,0,0.0,0.0,0.0,0,0,282,282,0,0
2022-08-30,0,0,0.0,0.0,0.0,0,0,271,271,0,0
2022-08-31,0,0,0.0,0.0,0.0,0,0,208,208,0,0
2022-09-01,0,0,0.0,0.0,0.0,0,0,283,283,0,0
2022-09-02,0,0,0.0,0.0,0.0,0,0,216,216,0,0
2022-09-04,0,0,0.0,0.0,0.0,0,0,31,31,0,0
2022-09-05,0,0,0.0,0.0,0.0,0,0,251,251,0,0
2022-09-06,0,0,0.0,0.0,0.0,0,0,196,196,0,0
2022-09-07,0,0,0.0,0.0,0.0,0,0,267,267,0,0
2022-09-08,0,0,0.0,0.0,0.0,0,0,208,208,0,0
2022-09-09,0,0,0.0,0.0,0.0,0,0,184,184,0,0
2022-09-11,0,0,0.0,0.0,0.0,0,0,36,36,0,0
2022-09-12,0,0,0.0,0.0,0.0,0,0,266,266,0,0
2022-09-13,0,0,0.0,0.0,0.0,0,0,261,261,0,0
2022-09-14,0,0,0.0,0.0,0.0,0,0,275,275,0,0
2022-09-15,0,0,0.0,0.0,0.0,0,0,264,264,0,0
2022-09-16,0,0,0.0,0.0,0.0,0,0,230,230,0,0
2022-09-18,0,0,0.0,0.0,0.0,0,0,35,35,0,0
2022-09-19,0,0,0.0,0.0,0.0,0,0,273,273,0,0
2022-09-20,0,0,0.0,0.0,0.0,0,0,267,267,0,0
2022-09-21,0,0,0.0,0.0,0.0,0,0,256,256,0,0
2022-09-22,0,0,0.0,0.0,0.0,0,0,228,228,0,0
2022-09-23,0,0,0.0,0.0,0.0,0,0,238,238,0,0
2022-09-25,0,0,0.0,0.0,0.0,0,0,36,36,0,0
2022-09-26,0,0,0.0,0.0,0.0,0,0,283,283,0,0
2022-09-27,0,0,0.0,0.0,0.0,0,0,247,247,0,0
2022-09-28,0,0,0.0,0.0,0.0,0,0,223,223,0,0
2022-09-29,0,0,0.0,0.0,0.0,0,0,284,284,0,0
2022-09-30,0,0,0.0,0.0,0.0,0,0,209,209,0,0
2022-10-02,0,0,0.0,0.0,0.0,0,0,35,35,0,0
2022-10-03,0,0,0.0,0.0,0.0,0,0,271,271,0,0
2022-10-04,0,0,0.0,0.0,0.0,0,0,237,237,0,0
2022-10-05,0,0,0.0,0.0,0.0,0,0,270,270,0,0
2022-10-06,0,0,0.0,0.0,0.0,0,0,268,268,0,0
2022-10-07,0,0,0.0,0.0,0.0,0,0,204,204,0,0
2022-10-09,0,0,0.0,0.0,0.0,0,0,30,30,0,0
2022-10-10,0,0,0.0,0.0,0.0,0,0,255,255,0,0
2022-10-11,0,0,0.0,0.0,0.0,0,0,242,242,0,0
2022-10-12,0,0,0.0,0.0,0.0,0,0,273,273,0,0
2022-10-13,0,0,0.0,0.0,0.0,0,0,247,247,0,0
2022-10-14,0,0,0.0,0.0,0.0,0,0,234,234,0,0
2022-10-16,0,0,0.0,0.0,0.0,0,0,36,36,0,0
2022-10-17,0,0,0.0,0.0,0.0,0,0,244,244,0,0
2022-10-18,0,0,0.0,0.0,0.0,0,0,273,273,0,0
2022-10-19,0,0,0.0,0.0,0.0,0,0,254,254,0,0
2022-10-20,0,0,0.0,0.0,0.0,0,0,180,180,0,0
2022-10-21,0,0,0.0,0.0,0.0,0,0,167,167,0,0
2022-10-23,0,0,0.0,0.0,0.0,0,0,1,1,0,0
2022-10-24,0,0,0.0,0.0,0.0,0,0,270,270,0,0
2022-10-25,0,0,0.0,0.0,0.0,0,0,241,241,0,0
2022-10-26,0,0,0.0,0.0,0.0,0,0,275,275,0,0
2022-10-27,0,0,0.0,0.0,0.0,0,0,259,259,0,0
2022-10-28,0,0,0.0,0.0,0.0,0,0,249,249,0,0
2022-10-30,0,0,0.0,0.0,0.0,0,0,36,36,0,0
2022-10-31,0,0,0.0,0.0,0.0,0,0,287,287,0,0
2022-11-01,0,0,0.0,0.0,0.0,0,0,263,263,0,0
2022-11-02,0,0,0.0,0.0,0.0,0,0,257,257,0,0
2022-11-03,0,0,0.0,0.0,0.0,0,0,266,266,0,0
2022-11-04,0,0,0.0,0.0,0.0,0,0,244,244,0,0
2022-11-06,0,0,0.0,0.0,0.0,0,0,24,24,0,0
2022-11-07,0,0,0.0,0.0,0.0,0,0,229,229,0,0
2022-11-08,0,0,0.0,0.0,0.0,0,0,276,276,0,0
2022-11-09,0,0,0.0,0.0,0.0,0,0,264,264,0,0
2022-11-10,0,0,0.0,0.0,0.0,0,0,209,209,0,0
2022-11-11,0,0,0.0,0.0,0.0,0,0,256,256,0,0
2022-11-13,0,0,0.0,0.0,0.0,0,0,24,24,0,0
2022-11-14,0,0,0.0,0.0,0.0,0,0,286,286,0,0
2022-11-15,0,0,0.0,0.0,0.0,0,0,271,271,0,0
2022-11-16,0,0,0.0,0.0,0.0,0,0,274,274,0,0
2022-11-17,0,0,0.0,0.0,0.0,0,0,276,276,0,0
2022-11-18,0,0,0.0,0.0,0.0,0,0,249,249,0,0
2022-11-20,0,0,0.0,0.0,0.0,0,0,23,23,0,0
2022-11-21,0,0,0.0,0.0,0.0,0,0,282,282,0,0
2022-11-22,0,0,0.0,0.0,0.0,0,0,277,277,0,0
2022-11-23,0,0,0.0,0.0,0.0,0,0,235,235,0,0
2022-11-24,0,0,0.0,0.0,0.0,0,0,287,287,0,0
2022-11-25,0,0,0.0,0.0,0.0,0,0,237,237,0,0
2022-11-27,0,0,0.0,0.0,0.0,0,0,24,24,0,0
2022-11-28,0,0,0.0,0.0,0.0,0,0,255,255,0,0
2022-11-29,0,0,0.0,0.0,0.0,0,0,269,269,0,0
2022-11-30,0,0,0.0,0.0,0.0,0,0,235,235,0,0
2022-12-01,0,0,0.0,0.0,0.0,0,0,285,285,0,0
2022-12-02,0,0,0.0,0.0,0.0,0,0,242,242,0,0
2022-12-04,0,0,0.0,0.0,0.0,0,0,24,24,0,0
2022-12-05,0,0,0.0,0.0,0.0,0,0,263,263,0,0
2022-12-06,0,0,0.0,0.0,0.0,0,0,259,259,0,0
2022-12-07,0,0,0.0,0.0,0.0,0,0,249,249,0,0
2022-12-08,0,0,0.0,0.0,0.0,0,0,277,277,0,0
2022-12-09,0,0,0.0,0.0,0.0,0,0,225,225,0,0
2022-12-11,0,0,0.0,0.0,0.0,0,0,24,24,0,0
2022-12-12,0,0,0.0,0.0,0.0,0,0,238,238,0,0
2022-12-13,0,0,0.0,0.0,0.0,0,0,268,268,0,0
2022-12-14,0,0,0.0,0.0,0.0,0,0,240,240,0,0
2022-12-15,0,0,0.0,0.0,0.0,0,0,261,261,0,0
2022-12-16,0,0,0.0,0.0,0.0,0,0,245,245,0,0
2022-12-18,0,0,0.0,0.0,0.0,0,0,24,24,0,0
2022-12-19,0,0,0.0,0.0,0.0,0,0,288,288,0,0
2022-12-20,0,0,0.0,0.0,0.0,0,0,250,250,0,0
2022-12-21,0,0,0.0,0.0,0.0,0,0,232,232,0,0
2022-12-22,0,0,0.0,0.0,0.0,0,0,255,255,0,0
2022-12-23,0,0,0.0,0.0,0.0,0,0,262,262,0,0
2022-12-25,0,0,0.0,0.0,0.0,0,0,14,14,0,0
2022-12-26,0,0,0.0,0.0,0.0,0,0,269,269,0,0
2022-12-27,0,0,0.0,0.0,0.0,0,0,199,199,0,0
2022-12-28,0,0,0.0,0.0,0.0,0,0,282,282,0,0
2022-12-29,0,0,0.0,0.0,0.0,0,0,281,281,0,0
2022-12-30,0,0,0.0,0.0,0.0,0,0,263,263,0,0
2023-01-01,0,0,0.0,0.0,0.0,0,0,23,23,0,0
2023-01-02,0,0,0.0,0.0,0.0,0,0,282,282,0,0
2023-01-03,0,0,0.0,0.0,0.0,0,0,183,183,0,0
2023-01-04,0,0,0.0,0.0,0.0,0,0,268,268,0,0
2023-01-05,0,0,0.0,0.0,0.0,0,0,279,279,0,0
2023-01-06,0,0,0.0,0.0,0.0,0,0,236,236,0,0
2023-01-08,0,0,0.0,0.0,0.0,0,0,24,24,0,0
2023-01-09,0,0,0.0,0.0,0.0,0,0,246,246,0,0
2023-01-10,0,0,0.0,0.0,0.0,0,0,235,235,0,0
2023-01-11,0,0,0.0,0.0,0.0,0,0,287,287,0,0
2023-01-12,0,0,0.0,0.0,0.0,0,0,267,267,0,0
2023-01-13,0,0,0.0,0.0,0.0,0,0,264,264,0,0
2023-01-15,0,0,0.0,0.0,0.0,0,0,24,24,0,0
2023-01-16,0,0,0.0,0.0,0.0,0,0,288,288,0,0
2023-01-17,0,0,0.0,0.0,0.0,0,0,278,278,0,0
2023-01-18,0,0,0.0,0.0,0.0,0,0,250,250,0,0
2023-01-19,0,0,0.0,0.0,0.0,0,0,262,262,0,0
2023-01-20,0,0,0.0,0.0,0.0,0,0,247,247,0,0
2023-01-22,0,0,0.0,0.0,0.0,0,0,24,24,0,0
2023-01-23,0,0,0.0,0.0,0.0,0,0,248,248,0,0
2023-01-24,0,0,0.0,0.0,0.0,0,0,261,261,0,0
2023-01-25,0,0,0.0,0.0,0.0,0,0,259,259,0,0
2023-01-26,0,0,0.0,0.0,0.0,0,0,266,266,0,0
2023-01-27,0,0,0.0,0.0,0.0,0,0,257,257,0,0
2023-01-29,0,0,0.0,0.0,0.0,0,0,24,24,0,0
2023-01-30,0,0,0.0,0.0,0.0,0,0,256,256,0,0
2023-01-31,0,0,0.0,0.0,0.0,0,0,261,261,0,0
2023-02-01,0,0,0.0,0.0,0.0,0,0,215,215,0,0
2023-02-02,0,0,0.0,0.0,0.0,0,0,267,267,0,0
2023-02-03,0,0,0.0,0.0,0.0,0,0,154,154,0,0
2023-02-05,0,0,0.0,0.0,0.0,0,0,14,14,0,0
2023-02-06,0,0,0.0,0.0,0.0,0,0,274,274,0,0
2023-02-07,0,0,0.0,0.0,0.0,0,0,268,268,0,0
2023-02-08,0,0,0.0,0.0,0.0,0,0,271,271,0,0
2023-02-09,0,0,0.0,0.0,0.0,0,0,256,256,0,0
2023-02-10,0,0,0.0,0.0,0.0,0,0,164,164,0,0
2023-02-12,0,0,0.0,0.0,0.0,0,0,24,24,0,0
2023-02-13,0,0,0.0,0.0,0.0,0,0,264,264,0,0
2023-02-14,0,0,0.0,0.0,0.0,0,0,256,256,0,0
2023-02-15,0,0,0.0,0.0,0.0,0,0,261,261,0,0
2023-02-16,0,0,0.0,0.0,0.0,0,0,274,274,0,0
2023-02-17,0,0,0.0,0.0,0.0,0,0,254,254,0,0
2023-02-19,0,0,0.0,0.0,0.0,0,0,24,24,0,0
2023-02-20,0,0,0.0,0.0,0.0,0,0,252,252,0,0
2023-02-21,0,0,0.0,0.0,0.0,0,0,224,224,0,0
2023-02-22,0,0,0.0,0.0,0.0,0,0,214,214,0,0
2023-02-23,0,0,0.0,0.0,0.0,0,0,254,254,0,0
2023-02-24,0,0,0.0,0.0,0.0,0,0,228,228,0,0
2023-02-26,0,0,0.0,0.0,0.0,0,0,24,24,0,0
2023-02-27,0,0,0.0,0.0,0.0,0,0,260,260,0,0
2023-02-28,0,0,0.0,0.0,0.0,0,0,262,262,0,0
2023-03-01,0,0,0.0,0.0,0.0,0,0,249,249,0,0
2023-03-02,0,0,0.0,0.0,0.0,0,0,272,272,0,0
2023-03-03,0,0,0.0,0.0,0.0,0,0,233,233,0,0
2023-03-05,0,0,0.0,0.0,0.0,0,0,24,24,0,0
2023-03-06,0,0,0.0,0.0,0.0,0,0,270,270,0,0
2023-03-07,0,0,0.0,0.0,0.0,0,0,249,249,0,0
2023-03-08,0,0,0.0,0.0,0.0,0,0,271,271,0,0
2023-03-09,0,0,0.0,0.0,0.0,0,0,282,282,0,0
2023-03-10,0,0,0.0,0.0,0.0,0,0,224,224,0,0
2023-03-12,0,0,0.0,0.0,0.0,0,0,36,36,0,0
2023-03-13,0,0,0.0,0.0,0.0,0,0,274,274,0,0
2023-03-14,0,0,0.0,0.0,0.0,0,0,270,270,0,0
2023-03-15,0,0,0.0,0.0,0.0,0,0,254,254,0,0
2023-03-16,0,0,0.0,0.0,0.0,0,0,258,258,0,0
2023-03-17,0,0,0.0,0.0,0.0,0,0,219,219,0,0
2023-03-19,0,0,0.0,0.0,0.0,0,0,36,36,0,0
2023-03-20,0,0,0.0,0.0,0.0,0,0,288,288,0,0
2023-03-21,0,0,0.0,0.0,0.0,0,0,278,278,0,0
2023-03-22,0,0,0.0,0.0,0.0,0,0,276,276,0,0
2023-03-23,0,0,0.0,0.0,0.0,0,0,272,272,0,0
2023-03-24,0,0,0.0,0.0,0.0,0,0,192,192,0,0
2023-03-26,0,0,0.0,0.0,0.0,0,0,36,36,0,0
2023-03-27,0,0,0.0,0.0,0.0,0,0,288,288,0,0
2023-03-28,0,0,0.0,0.0,0.0,0,0,260,260,0,0
2023-03-29,0,0,0.0,0.0,0.0,0,0,287,287,0,0
2023-03-30,0,0,0.0,0.0,0.0,0,0,268,268,0,0
2023-03-31,0,0,0.0,0.0,0.0,0,0,244,244,0,0
2023-04-02,0,0,0.0,0.0,0.0,0,0,36,36,0,0
2023-04-03,0,0,0.0,0.0,0.0,0,0,279,279,0,0
2023-04-04,0,0,0.0,0.0,0.0,0,0,275,275,0,0
2023-04-05,0,0,0.0,0.0,0.0,0,0,232,232,0,0
2023-04-06,0,0,0.0,0.0,0.0,0,0,282,282,0,0
2023-04-07,0,0,0.0,0.0,0.0,0,0,228,228,0,0
2023-04-09,0,0,0.0,0.0,0.0,0,0,34,34,0,0
2023-04-10,0,0,0.0,0.0,0.0,0,0,276,276,0,0
2023-04-11,0,0,0.0,0.0,0.0,0,0,287,287,0,0
2023-04-12,0,0,0.0,0.0,0.0,0,0,263,263,0,0
2023-04-13,0,0,0.0,0.0,0.0,0,0,261,261,0,0
2023-04-14,0,0,0.0,0.0,0.0,0,0,226,226,0,0
2023-04-16,0,0,0.0,0.0,0.0,0,0,34,34,0,0
2023-04-17,0,0,0.0,0.0,0.0,0,0,283,283,0,0
2023-04-18,0,0,0.0,0.0,0.0,0,0,278,278,0,0
2023-04-19,0,0,0.0,0.0,0.0,0,0,265,265,0,0
2023-04-20,0,0,0.0,0.0,0.0,0,0,275,275,0,0
2023-04-21,0,0,0.0,0.0,0.0,0,0,231,231,0,0
2023-04-23,0,0,0.0,0.0,0.0,0,0,36,36,0,0
2023-04-24,0,0,0.0,0.0,0.0,0,0,284,284,0,0
2023-04-25,0,0,0.0,0.0,0.0,0,0,282,282,0,0
2023-04-26,0,0,0.0,0.0,0.0,0,0,276,276,0,0
2023-04-27,0,0,0.0,0.0,0.0,0,0,239,239,0,0
2023-04-28,0,0,0.0,0.0,0.0,0,0,239,239,0,0
2023-04-30,0,0,0.0,0.0,0.0,0,0,36,36,0,0
2023-05-01,0,0,0.0,0.0,0.0,0,0,288,288,0,0
2023-05-02,0,0,0.0,0.0,0.0,0,0,269,269,0,0
2023-05-03,0,0,0.0,0.0,0.0,0,0,272,272,0,0
2023-05-04,0,0,0.0,0.0,0.0,0,0,285,285,0,0
2023-05-05,0,0,0.0,0.0,0.0,0,0,236,236,0,0
2023-05-07,0,0,0.0,0.0,0.0,0,0,36,36,0,0
2023-05-08,0,0,0.0,0.0,0.0,0,0,284,284,0,0
2023-05-09,0,0,0.0,0.0,0.0,0,0,277,277,0,0
2023-05-10,0,0,0.0,0.0,0.0,0,0,256,256,0,0
2023-05-11,0,0,0.0,0.0,0.0,0,0,273,273,0,0
2023-05-12,0,0,0.0,0.0,0.0,0,0,240,240,0,0
2023-05-14,0,0,0.0,0.0,0.0,0,0,36,36,0,0
2023-05-15,0,0,0.0,0.0,0.0,0,0,256,256,0,0
2023-05-16,0,0,0.0,0.0,0.0,0,0,266,266,0,0
2023-05-17,0,0,0.0,0.0,0.0,0,0,280,280,0,0
2023-05-18,0,0,0.0,0.0,0.0,0,0,283,283,0,0
2023-05-19,0,0,0.0,0.0,0.0,0,0,230,230,0,0
2023-05-21,0,0,0.0,0.0,0.0,0,0,36,36,0,0
2023-05-22,0,0,0.0,0.0,0.0,0,0,280,280,0,0
2023-05-23,0,0,0.0,0.0,0.0,0,0,219,219,0,0
2023-05-24,0,0,0.0,0.0,0.0,0,0,250,250,0,0
2023-05-25,0,0,0.0,0.0,0.0,0,0,282,282,0,0
2023-05-26,0,0,0.0,0.0,0.0,0,0,240,240,0,0
2023-05-28,0,0,0.0,0.0,0.0,0,0,36,36,0,0
2023-05-29,0,0,0.0,0.0,0.0,0,0,283,283,0,0
2023-05-30,0,0,0.0,0.0,0.0,0,0,225,225,0,0
2023-05-31,0,0,0.0,0.0,0.0,0,0,248,248,0,0
2023-06-01,0,0,0.0,0.0,0.0,0,0,223,223,0,0
2023-06-02,0,0,0.0,0.0,0.0,0,0,200,200,0,0
2023-06-04,0,0,0.0,0.0,0.0,0,0,36,36,0,0
2023-06-05,0,0,0.0,0.0,0.0,0,0,266,266,0,0
2023-06-06,0,0,0.0,0.0,0.0,0,0,285,285,0,0
2023-06-07,0,0,0.0,0.0,0.0,0,0,260,260,0,0
2023-06-08,0,0,0.0,0.0,0.0,0,0,281,281,0,0
2023-06-09,0,0,0.0,0.0,0.0,0,0,229,229,0,0
2023-06-11,0,0,0.0,0.0,0.0,0,0,32,32,0,0
2023-06-12,0,0,0.0,0.0,0.0,0,0,267,267,0,0
2023-06-13,0,0,0.0,0.0,0.0,0,0,198,198,0,0
2023-06-14,0,0,0.0,0.0,0.0,0,0,246,246,0,0
2023-06-15,0,0,0.0,0.0,0.0,0,0,276,276,0,0
2023-06-16,0,0,0.0,0.0,0.0,0,0,209,209,0,0
2023-06-18,0,0,0.0,0.0,0.0,0,0,36,36,0,0
2023-06-19,0,0,0.0,0.0,0.0,0,0,257,257,0,0
2023-06-20,0,0,0.0,0.0,0.0,0,0,224,224,0,0
2023-06-21,0,0,0.0,0.0,0.0,0,0,275,275,0,0
2023-06-22,0,0,0.0,0.0,0.0,0,0,254,254,0,0
2023-06-23,0,0,0.0,0.0,0.0,0,0,243,243,0,0
2023-06-25,0,0,0.0,0.0,0.0,0,0,35,35,0,0
2023-06-26,0,0,0.0,0.0,0.0,0,0,258,258,0,0
2023-06-27,0,0,0.0,0.0,0.0,0,0,247,247,0,0
2023-06-28,0,0,0.0,0.0,0.0,0,0,238,238,0,0
2023-06-29,0,0,0.0,0.0,0.0,0,0,262,262,0,0
2023-06-30,0,0,0.0,0.0,0.0,0,0,184,184,0,0
2023-07-02,0,0,0.0,0.0,0.0,0,0,36,36,0,0
2023-07-03,0,0,0.0,0.0,0.0,0,0,258,258,0,0
2023-07-04,0,0,0.0,0.0,0.0,0,0,235,235,0,0
2023-07-05,0,0,0.0,0.0,0.0,0,0,237,237,0,0
2023-07-06,0,0,0.0,0.0,0.0,0,0,258,258,0,0
2023-07-07,0,0,0.0,0.0,0.0,0,0,213,213,0,0
2023-07-09,0,0,0.0,0.0,0.0,0,0,34,34,0,0
2023-07-10,0,0,0.0,0.0,0.0,0,0,270,270,0,0
2023-07-11,0,0,0.0,0.0,0.0,0,0,266,266,0,0
2023-07-12,0,0,0.0,0.0,0.0,0,0,262,262,0,0
2023-07-13,0,0,0.0,0.0,0.0,0,0,266,266,0,0
2023-07-14,0,0,0.0,0.0,0.0,0,0,240,240,0,0
2023-07-16,0,0,0.0,0.0,0.0,0,0,35,35,0,0
2023-07-17,0,0,0.0,0.0,0.0,0,0,281,281,0,0
2023-07-18,0,0,0.0,0.0,0.0,0,0,238,238,0,0
2023-07-19,0,0,0.0,0.0,0.0,0,0,266,266,0,0
2023-07-20,0,0,0.0,0.0,0.0,0,0,256,256,0,0
2023-07-21,0,0,0.0,0.0,0.0,0,0,214,214,0,0
2023-07-23,0,0,0.0,0.0,0.0,0,0,36,36,0,0
2023-07-24,0,0,0.0,0.0,0.0,0,0,256,256,0,0
2023-07-25,0,0,0.0,0.0,0.0,0,0,235,235,0,0
2023-07-26,0,0,0.0,0.0,0.0,0,0,263,263,0,0
2023-07-27,0,0,0.0,0.0,0.0,0,0,280,280,0,0
2023-07-28,0,0,0.0,0.0,0.0,0,0,222,222,0,0
2023-07-30,0,0,0.0,0.0,0.0,0,0,36,36,0,0
2023-07-31,0,0,0.0,0.0,0.0,0,0,288,288,0,0
2023-08-01,0,0,0.0,0.0,0.0,0,0,273,273,0,0
2023-08-02,0,0,0.0,0.0,0.0,0,0,279,279,0,0
2023-08-03,0,0,0.0,0.0,0.0,0,0,268,268,0,0
2023-08-04,0,0,0.0,0.0,0.0,0,0,233,233,0,0
2023-08-06,0,0,0.0,0.0,0.0,0,0,36,36,0,0
2023-08-07,0,0,0.0,0.0,0.0,0,0,285,285,0,0
2023-08-08,0,0,0.0,0.0,0.0,0,0,255,255,0,0
2023-08-09,0,0,0.0,0.0,0.0,0,0,267,267,0,0
2023-08-10,0,0,0.0,0.0,0.0,0,0,256,256,0,0
2023-08-11,0,0,0.0,0.0,0.0,0,0,232,232,0,0
2023-08-13,0,0,0.0,0.0,0.0,0,0,26,26,0,0
2023-08-14,0,0,0.0,0.0,0.0,0,0,224,224,0,0
2023-08-15,0,0,0.0,0.0,0.0,0,0,236,236,0,0
2023-08-16,0,0,0.0,0.0,0.0,0,0,249,249,0,0
2023-08-17,0,0,0.0,0.0,0.0,0,0,264,264,0,0
2023-08-18,0,0,0.0,0.0,0.0,0,0,246,246,0,0
2023-08-20,0,0,0.0,0.0,0.0,0,0,35,35,0,0
2023-08-21,0,0,0.0,0.0,0.0,0,0,257,257,0,0
2023-08-22,0,0,0.0,0.0,0.0,0,0,280,280,0,0
2023-08-23,0,0,0.0,0.0,0.0,0,0,255,255,0,0
2023-08-24,0,0,0.0,0.0,0.0,0,0,269,269,0,0
2023-08-25,0,0,0.0,0.0,0.0,0,0,239,239,0,0
2023-08-27,0,0,0.0,0.0,0.0,0,0,36,36,0,0
2023-08-28,0,0,0.0,0.0,0.0,0,0,262,262,0,0
2023-08-29,0,0,0.0,0.0,0.0,0,0,210,210,0,0
2023-08-30,0,0,0.0,0.0,0.0,0,0,270,270,0,0
2023-08-31,0,0,0.0,0.0,0.0,0,0,227,227,0,0
2023-09-01,0,0,0.0,0.0,0.0,0,0,217,217,0,0
2023-09-03,0,0,0.0,0.0,0.0,0,0,36,36,0,0
2023-09-04,0,0,0.0,0.0,0.0,0,0,272,272,0,0
2023-09-05,0,0,0.0,0.0,0.0,0,0,198,198,0,0
2023-09-06,0,0,0.0,0.0,0.0,0,0,259,259,0,0
2023-09-07,0,0,0.0,0.0,0.0,0,0,282,282,0,0
2023-09-08,0,0,0.0,0.0,0.0,0,0,230,230,0,0
2023-09-10,0,0,0.0,0.0,0.0,0,0,27,27,0,0
2023-09-11,0,0,0.0,0.0,0.0,0,0,254,254,0,0
2023-09-12,0,0,0.0,0.0,0.0,0,0,281,281,0,0
2023-09-13,0,0,0.0,0.0,0.0,0,0,277,277,0,0
2023-09-14,0,0,0.0,0.0,0.0,0,0,246,246,0,0
2023-09-15,0,0,0.0,0.0,0.0,0,0,219,219,0,0
2023-09-17,0,0,0.0,0.0,0.0,0,0,36,36,0,0
2023-09-18,0,0,0.0,0.0,0.0,0,0,227,227,0,0
2023-09-19,0,0,0.0,0.0,0.0,0,0,187,187,0,0
2023-09-20,0,0,0.0,0.0,0.0,0,0,231,231,0,0
2023-09-21,0,0,0.0,0.0,0.0,0,0,283,283,0,0
2023-09-22,0,0,0.0,0.0,0.0,0,0,236,236,0,0
2023-09-24,0,0,0.0,0.0,0.0,0,0,36,36,0,0
2023-09-25,0,0,0.0,0.0,0.0,0,0,251,251,0,0
2023-09-26,0,0,0.0,0.0,0.0,0,0,241,241,0,0
2023-09-27,0,0,0.0,0.0,0.0,0,0,268,268,0,0
2023-09-28,0,0,0.0,0.0,0.0,0,0,255,255,0,0
2023-09-29,0,0,0.0,0.0,0.0,0,0,184,184,0,0
2023-10-01,0,0,0.0,0.0,0.0,0,0,36,36,0,0
2023-10-02,0,0,0.0,0.0,0.0,0,0,274,274,0,0
2023-10-03,0,0,0.0,0.0,0.0,0,0,187,187,0,0
2023-10-04,0,0,0.0,0.0,0.0,0,0,192,192,0,0
2023-10-05,0,0,0.0,0.0,0.0,0,0,256,256,0,0
2023-10-06,0,0,0.0,0.0,0.0,0,0,219,219,0,0
2023-10-08,0,0,0.0,0.0,0.0,0,0,36,36,0,0
2023-10-09,0,0,0.0,0.0,0.0,0,0,189,189,0,0
2023-10-10,0,0,0.0,0.0,0.0,0,0,254,254,0,0
2023-10-11,0,0,0.0,0.0,0.0,0,0,222,222,0,0
2023-10-12,0,0,0.0,0.0,0.0,0,0,263,263,0,0
2023-10-13,0,0,0.0,0.0,0.0,0,0,173,173,0,0
2023-10-15,0,0,0.0,0.0,0.0,0,0,36,36,0,0
2023-10-16,0,0,0.0,0.0,0.0,0,0,244,244,0,0
2023-10-17,0,0,0.0,0.0,0.0,0,0,185,185,0,0
2023-10-18,0,0,0.0,0.0,0.0,0,0,175,175,0,0
2023-10-19,0,0,0.0,0.0,0.0,0,0,196,196,0,0
2023-10-20,0,0,0.0,0.0,0.0,0,0,127,127,0,0
2023-10-22,0,0,0.0,0.0,0.0,0,0,13,13,0,0
2023-10-23,0,0,0.0,0.0,0.0,0,0,142,142,0,0
2023-10-24,0,0,0.0,0.0,0.0,0,0,198,198,0,0
2023-10-25,0,0,0.0,0.0,0.0,0,0,144,144,0,0
2023-10-26,0,0,0.0,0.0,0.0,0,0,147,147,0,0
2023-10-27,0,0,0.0,0.0,0.0,0,0,225,225,0,0
2023-10-29,0,0,0.0,0.0,0.0,0,0,35,35,0,0
2023-10-30,0,0,0.0,0.0,0.0,0,0,257,257,0,0
2023-10-31,0,0,0.0,0.0,0.0,0,0,259,259,0,0
2023-11-01,0,0,0.0,0.0,0.0,0,0,286,286,0,0
2023-11-02,0,0,0.0,0.0,0.0,0,0,270,270,0,0
2023-11-03,0,0,0.0,0.0,0.0,0,0,183,183,0,0
2023-11-05,0,0,0.0,0.0,0.0,0,0,8,8,0,0
2023-11-06,0,0,0.0,0.0,0.0,0,0,237,237,0,0
2023-11-07,0,0,0.0,0.0,0.0,0,0,242,242,0,0
2023-11-08,0,0,0.0,0.0,0.0,0,0,262,262,0,0
2023-11-09,0,0,0.0,0.0,0.0,0,0,243,243,0,0
2023-11-10,0,0,0.0,0.0,0.0,0,0,220,220,0,0
2023-11-12,0,0,0.0,0.0,0.0,0,0,17,17,0,0
2023-11-13,0,0,0.0,0.0,0.0,0,0,212,212,0,0
2023-11-14,0,0,0.0,0.0,0.0,0,0,135,135,0,0
2023-11-15,0,0,0.0,0.0,0.0,0,0,245,245,0,0
2023-11-16,0,0,0.0,0.0,0.0,0,0,262,262,0,0
2023-11-17,0,0,0.0,0.0,0.0,0,0,224,224,0,0
2023-11-19,0,0,0.0,0.0,0.0,0,0,23,23,0,0
2023-11-20,0,0,0.0,0.0,0.0,0,0,280,280,0,0
2023-11-21,0,0,0.0,0.0,0.0,0,0,287,287,0,0
2023-11-22,0,0,0.0,0.0,0.0,0,0,280,280,0,0
2023-11-23,0,0,0.0,0.0,0.0,0,0,265,265,0,0
2023-11-24,0,0,0.0,0.0,0.0,0,0,197,197,0,0
2023-11-26,0,0,0.0,0.0,0.0,0,0,24,24,0,0
2023-11-27,0,0,0.0,0.0,0.0,0,0,235,235,0,0
2023-11-28,0,0,0.0,0.0,0.0,0,0,283,283,0,0
2023-11-29,0,0,0.0,0.0,0.0,0,0,249,249,0,0
2023-11-30,0,0,0.0,0.0,0.0,0,0,179,179,0,0
2023-12-01,0,0,0.0,0.0,0.0,0,0,218,218,0,0
2023-12-03,0,0,0.0,0.0,0.0,0,0,24,24,0,0
2023-12-04,0,0,0.0,0.0,0.0,0,0,284,284,0,0
2023-12-05,0,0,0.0,0.0,0.0,0,0,193,193,0,0
2023-12-06,0,0,0.0,0.0,0.0,0,0,233,233,0,0
2023-12-07,0,0,0.0,0.0,0.0,0,0,230,230,0,0
2023-12-08,0,0,0.0,0.0,0.0,0,0,216,216,0,0
2023-12-10,0,0,0.0,0.0,0.0,0,0,24,24,0,0
2023-12-11,0,0,0.0,0.0,0.0,0,0,284,284,0,0
2023-12-12,0,0,0.0,0.0,0.0,0,0,238,238,0,0
2023-12-13,0,0,0.0,0.0,0.0,0,0,225,225,0,0
2023-12-14,0,0,0.0,0.0,0.0,0,0,274,274,0,0
2023-12-15,0,0,0.0,0.0,0.0,0,0,230,230,0,0
2023-12-17,0,0,0.0,0.0,0.0,0,0,24,24,0,0
2023-12-18,0,0,0.0,0.0,0.0,0,0,288,288,0,0
2023-12-19,0,0,0.0,0.0,0.0,0,0,271,271,0,0
2023-12-20,0,0,0.0,0.0,0.0,0,0,275,275,0,0
2023-12-21,0,0,0.0,0.0,0.0,0,0,283,283,0,0
2023-12-22,0,0,0.0,0.0,0.0,0,0,242,242,0,0
2023-12-24,0,0,0.0,0.0,0.0,0,0,6,6,0,0
2023-12-25,0,0,0.0,0.0,0.0,0,0,115,115,0,0
2023-12-26,0,0,0.0,0.0,0.0,0,0,210,210,0,0
2023-12-27,0,0,0.0,0.0,0.0,0,0,249,249,0,0
2023-12-28,0,0,0.0,0.0,0.0,0,0,285,285,0,0
2023-12-29,0,0,0.0,0.0,0.0,0,0,252,252,0,0
2024-01-01,0,0,0.0,0.0,0.0,0,0,24,24,0,0
2024-01-02,0,0,0.0,0.0,0.0,0,0,274,274,0,0
2024-01-03,0,0,0.0,0.0,0.0,0,0,275,275,0,0
2024-01-04,0,0,0.0,0.0,0.0,0,0,268,268,0,0
2024-01-05,0,0,0.0,0.0,0.0,0,0,234,234,0,0
2024-01-07,0,0,0.0,0.0,0.0,0,0,23,23,0,0
2024-01-08,0,0,0.0,0.0,0.0,0,0,285,285,0,0
2024-01-09,0,0,0.0,0.0,0.0,0,0,230,230,0,0
2024-01-10,0,0,0.0,0.0,0.0,0,0,281,281,0,0
2024-01-11,0,0,0.0,0.0,0.0,0,0,260,260,0,0
2024-01-12,0,0,0.0,0.0,0.0,0,0,249,249,0,0
2024-01-14,0,0,0.0,0.0,0.0,0,0,23,23,0,0
2024-01-15,0,0,0.0,0.0,0.0,0,0,258,258,0,0
2024-01-16,0,0,0.0,0.0,0.0,0,0,235,235,0,0
2024-01-17,0,0,0.0,0.0,0.0,0,0,280,280,0,0
2024-01-18,0,0,0.0,0.0,0.0,0,0,260,260,0,0
2024-01-19,0,0,0.0,0.0,0.0,0,0,226,226,0,0
2024-01-21,0,0,0.0,0.0,0.0,0,0,24,24,0,0
2024-01-22,0,0,0.0,0.0,0.0,0,0,272,272,0,0
2024-01-23,0,0,0.0,0.0,0.0,0,0,275,275,0,0
2024-01-24,0,0,0.0,0.0,0.0,0,0,256,256,0,0
2024-01-25,0,0,0.0,0.0,0.0,0,0,277,277,0,0
2024-01-26,0,0,0.0,0.0,0.0,0,0,207,207,0,0
2024-01-28,0,0,0.0,0.0,0.0,0,0,24,24,0,0
2024-01-29,0,0,0.0,0.0,0.0,0,0,280,280,0,0
2024-01-30,0,0,0.0,0.0,0.0,0,0,284,284,0,0
2024-01-31,0,0,0.0,0.0,0.0,0,0,216,216,0,0
2024-02-01,0,0,0.0,0.0,0.0,0,0,277,277,0,0
2024-02-02,0,0,0.0,0.0,0.0,0,0,229,229,0,0
2024-02-04,0,0,0.0,0.0,0.0,0,0,24,24,0,0
2024-02-05,0,0,0.0,0.0,0.0,0,0,288,288,0,0
2024-02-06,0,0,0.0,0.0,0.0,0,0,222,222,0,0
2024-02-07,0,0,0.0,0.0,0.0,0,0,241,241,0,0
2024-02-08,0,0,0.0,0.0,0.0,0,0,260,260,0,0
2024-02-09,0,0,0.0,0.0,0.0,0,0,184,184,0,0
2024-02-11,0,0,0.0,0.0,0.0,0,0,19,19,0,0
2024-02-12,0,0,0.0,0.0,0.0,0,0,239,239,0,0
2024-02-13,0,0,0.0,0.0,0.0,0,0,252,252,0,0
2024-02-14,0,0,0.0,0.0,0.0,0,0,260,260,0,0
2024-02-15,0,0,0.0,0.0,0.0,0,0,267,267,0,0
2024-02-16,0,0,0.0,0.0,0.0,0,0,231,231,0,0
2024-02-18,0,0,0.0,0.0,0.0,0,0,24,24,0,0
2024-02-19,0,0,0.0,0.0,0.0,0,0,244,244,0,0
2024-02-20,0,0,0.0,0.0,0.0,0,0,180,180,0,0
2024-02-21,0,0,0.0,0.0,0.0,0,0,287,287,0,0
2024-02-22,0,0,0.0,0.0,0.0,0,0,219,219,0,0
2024-02-23,0,0,0.0,0.0,0.0,0,0,213,213,0,0
2024-02-25,0,0,0.0,0.0,0.0,0,0,16,16,0,0
2024-02-26,0,0,0.0,0.0,0.0,0,0,243,243,0,0
2024-02-27,0,0,0.0,0.0,0.0,0,0,206,206,0,0
2024-02-28,0,0,0.0,0.0,0.0,0,0,210,210,0,0
2024-02-29,0,0,0.0,0.0,0.0,0,0,233,233,0,0
2024-03-01,0,0,0.0,0.0,0.0,0,0,247,247,0,0
2024-03-03,0,0,0.0,0.0,0.0,0,0,19,19,0,0
2024-03-04,0,0,0.0,0.0,0.0,0,0,262,262,0,0
2024-03-05,0,0,0.0,0.0,0.0,0,0,204,204,0,0
2024-03-06,0,0,0.0,0.0,0.0,0,0,254,254,0,0
2024-03-07,0,0,0.0,0.0,0.0,0,0,283,283,0,0
2024-03-08,0,0,0.0,0.0,0.0,0,0,239,239,0,0
2024-03-10,0,0,0.0,0.0,0.0,0,0,36,36,0,0
2024-03-11,0,0,0.0,0.0,0.0,0,0,278,278,0,0
2024-03-12,0,0,0.0,0.0,0.0,0,0,248,248,0,0
2024-03-13,0,0,0.0,0.0,0.0,0,0,226,226,0,0
2024-03-14,0,0,0.0,0.0,0.0,0,0,247,247,0,0
2024-03-15,0,0,0.0,0.0,0.0,0,0,240,240,0,0
2024-03-17,0,0,0.0,0.0,0.0,0,0,36,36,0,0
2024-03-18,0,0,0.0,0.0,0.0,0,0,236,236,0,0
2024-03-19,0,0,0.0,0.0,0.0,0,0,229,229,0,0
2024-03-20,0,0,0.0,0.0,0.0,0,0,236,236,0,0
2024-03-21,0,0,0.0,0.0,0.0,0,0,276,276,0,0
2024-03-22,0,0,0.0,0.0,0.0,0,0,209,209,0,0
2024-03-24,0,0,0.0,0.0,0.0,0,0,36,36,0,0
2024-03-25,0,0,0.0,0.0,0.0,0,0,219,219,0,0
2024-03-26,0,0,0.0,0.0,0.0,0,0,228,228,0,0
2024-03-27,0,0,0.0,0.0,0.0,0,0,243,243,0,0
2024-03-28,0,0,0.0,0.0,0.0,0,0,254,254,0,0
2024-03-29,0,0,0.0,0.0,0.0,0,0,134,134,0,0
2024-03-31,0,0,0.0,0.0,0.0,0,0,25,25,0,0
2024-04-01,0,0,0.0,0.0,0.0,0,0,166,166,0,0
2024-04-02,0,0,0.0,0.0,0.0,0,0,193,193,0,0
2024-04-03,0,0,0.0,0.0,0.0,0,0,169,169,0,0
2024-04-04,0,0,0.0,0.0,0.0,0,0,160,160,0,0
2024-04-05,0,0,0.0,0.0,0.0,0,0,184,184,0,0
2024-04-07,0,0,0.0,0.0,0.0,0,0,36,36,0,0
2024-04-08,0,0,0.0,0.0,0.0,0,0,221,221,0,0
2024-04-09,0,0,0.0,0.0,0.0,0,0,104,104,0,0
2024-04-10,0,0,0.0,0.0,0.0,0,0,111,111,0,0
2024-04-11,0,0,0.0,0.0,0.0,0,0,176,176,0,0
2024-04-12,0,0,0.0,0.0,0.0,0,0,177,177,0,0
2024-04-14,0,0,0.0,0.0,0.0,0,0,36,36,0,0
2024-04-15,0,0,0.0,0.0,0.0,0,0,272,272,0,0
2024-04-16,0,0,0.0,0.0,0.0,0,0,255,255,0,0
2024-04-17,0,0,0.0,0.0,0.0,0,0,217,217,0,0
2024-04-18,0,0,0.0,0.0,0.0,0,0,269,269,0,0
2024-04-19,0,0,0.0,0.0,0.0,0,0,178,178,0,0
2024-04-21,0,0,0.0,0.0,0.0,0,0,36,36,0,0
2024-04-22,0,0,0.0,0.0,0.0,0,0,207,207,0,0
2024-04-23,0,0,0.0,0.0,0.0,0,0,74,74,0,0
2024-04-24,0,0,0.0,0.0,0.0,0,0,143,143,0,0
2024-04-25,0,0,0.0,0.0,0.0,0,0,215,215,0,0
2024-04-26,0,0,0.0,0.0,0.0,0,0,181,181,0,0
2024-04-28,0,0,0.0,0.0,0.0,0,0,33,33,0,0
2024-04-29,0,0,0.0,0.0,0.0,0,0,200,200,0,0
2024-04-30,0,0,0.0,0.0,0.0,0,0,196,196,0,0
2024-05-01,0,0,0.0,0.0,0.0,0,0,216,216,0,0
2024-05-02,0,0,0.0,0.0,0.0,0,0,121,121,0,0
2024-05-03,0,0,0.0,0.0,0.0,0,0,252,252,0,0
2024-05-05,0,0,0.0,0.0,0.0,0,0,32,32,0,0
2024-05-06,0,0,0.0,0.0,0.0,0,0,282,282,0,0
2024-05-07,0,0,0.0,0.0,0.0,0,0,260,260,0,0
2024-05-08,0,0,0.0,0.0,0.0,0,0,288,288,0,0
2024-05-09,0,0,0.0,0.0,0.0,0,0,231,231,0,0
2024-05-10,0,0,0.0,0.0,0.0,0,0,201,201,0,0
2024-05-12,0,0,0.0,0.0,0.0,0,0,36,36,0,0
2024-05-13,0,0,0.0,0.0,0.0,0,0,238,238,0,0
2024-05-14,0,0,0.0,0.0,0.0,0,0,173,173,0,0
2024-05-15,0,0,0.0,0.0,0.0,0,0,194,194,0,0
2024-05-16,0,0,0.0,0.0,0.0,0,0,276,276,0,0
2024-05-17,0,0,0.0,0.0,0.0,0,0,233,233,0,0
2024-05-19,0,0,0.0,0.0,0.0,0,0,28,28,0,0
2024-05-20,0,0,0.0,0.0,0.0,0,0,254,254,0,0
2024-05-21,0,0,0.0,0.0,0.0,0,0,232,232,0,0
2024-05-22,0,0,0.0,0.0,0.0,0,0,216,216,0,0
2024-05-23,0,0,0.0,0.0,0.0,0,0,273,273,0,0
2024-05-24,0,0,0.0,0.0,0.0,0,0,166,166,0,0
2024-05-26,0,0,0.0,0.0,0.0,0,0,21,21,0,0
2024-05-27,0,0,0.0,0.0,0.0,0,0,209,209,0,0
2024-05-28,0,0,0.0,0.0,0.0,0,0,195,195,0,0
2024-05-29,0,0,0.0,0.0,0.0,0,0,253,253,0,0
2024-05-30,0,0,0.0,0.0,0.0,0,0,232,232,0,0
2024-05-31,0,0,0.0,0.0,0.0,0,0,202,202,0,0
2024-06-02,0,0,0.0,0.0,0.0,0,0,36,36,0,0
2024-06-03,0,0,0.0,0.0,0.0,0,0,280,280,0,0
2024-06-04,0,0,0.0,0.0,0.0,0,0,255,255,0,0
2024-06-05,0,0,0.0,0.0,0.0,0,0,273,273,0,0
2024-06-06,0,0,0.0,0.0,0.0,0,0,223,223,0,0
2024-06-07,0,0,0.0,0.0,0.0,0,0,233,233,0,0
2024-06-09,0,0,0.0,0.0,0.0,0,0,36,36,0,0
2024-06-10,0,0,0.0,0.0,0.0,0,0,275,275,0,0
2024-06-11,0,0,0.0,0.0,0.0,0,0,238,238,0,0
2024-06-12,0,0,0.0,0.0,0.0,0,0,129,129,0,0
2024-06-13,0,0,0.0,0.0,0.0,0,0,235,235,0,0
2024-06-14,0,0,0.0,0.0,0.0,0,0,213,213,0,0
2024-06-16,0,0,0.0,0.0,0.0,0,0,36,36,0,0
2024-06-17,0,0,0.0,0.0,0.0,0,0,285,285,0,0
2024-06-18,0,0,0.0,0.0,0.0,0,0,239,239,0,0
2024-06-19,0,0,0.0,0.0,0.0,0,0,148,148,0,0
2024-06-20,0,0,0.0,0.0,0.0,0,0,182,182,0,0
2024-06-21,0,0,0.0,0.0,0.0,0,0,204,204,0,0
2024-06-23,0,0,0.0,0.0,0.0,0,0,36,36,0,0
2024-06-24,0,0,0.0,0.0,0.0,0,0,196,196,0,0
2024-06-25,0,0,0.0,0.0,0.0,0,0,265,265,0,0
2024-06-26,0,0,0.0,0.0,0.0,0,0,211,211,0,0
2024-06-27,0,0,0.0,0.0,0.0,0,0,267,267,0,0
2024-06-28,0,0,0.0,0.0,0.0,0,0,177,177,0,0
2024-06-30,0,0,0.0,0.0,0.0,0,0,34,34,0,0
2024-07-01,0,0,0.0,0.0,0.0,0,0,279,279,0,0
2024-07-02,0,0,0.0,0.0,0.0,0,0,221,221,0,0
2024-07-03,0,0,0.0,0.0,0.0,0,0,207,207,0,0
2024-07-04,0,0,0.0,0.0,0.0,0,0,251,251,0,0
2024-07-05,0,0,0.0,0.0,0.0,0,0,195,195,0,0
2024-07-07,0,0,0.0,0.0,0.0,0,0,19,19,0,0
2024-07-08,0,0,0.0,0.0,0.0,0,0,242,242,0,0
2024-07-09,0,0,0.0,0.0,0.0,0,0,259,259,0,0
2024-07-10,0,0,0.0,0.0,0.0,0,0,236,236,0,0
2024-07-11,0,0,0.0,0.0,0.0,0,0,184,184,0,0
2024-07-12,0,0,0.0,0.0,0.0,0,0,175,175,0,0
2024-07-14,0,0,0.0,0.0,0.0,0,0,36,36,0,0
2024-07-15,0,0,0.0,0.0,0.0,0,0,191,191,0,0
2024-07-16,0,0,0.0,0.0,0.0,0,0,287,287,0,0
2024-07-17,0,0,0.0,0.0,0.0,0,0,229,229,0,0
2024-07-18,0,0,0.0,0.0,0.0,0,0,284,284,0,0
2024-07-19,0,0,0.0,0.0,0.0,0,0,226,226,0,0
2024-07-21,0,0,0.0,0.0,0.0,0,0,34,34,0,0
2024-07-22,0,0,0.0,0.0,0.0,0,0,243,243,0,0
2024-07-23,0,0,0.0,0.0,0.0,0,0,265,265,0,0
2024-07-24,0,0,0.0,0.0,0.0,0,0,251,251,0,0
2024-07-25,0,0,0.0,0.0,0.0,0,0,271,271,0,0
2024-07-26,0,0,0.0,0.0,0.0,0,0,227,227,0,0
2024-07-28,0,0,0.0,0.0,0.0,0,0,33,33,0,0
2024-07-29,0,0,0.0,0.0,0.0,0,0,266,266,0,0
2024-07-30,0,0,0.0,0.0,0.0,0,0,270,270,0,0
2024-07-31,0,0,0.0,0.0,0.0,0,0,261,261,0,0
2024-08-01,0,0,0.0,0.0,0.0,0,0,275,275,0,0
2024-08-02,0,0,0.0,0.0,0.0,0,0,236,236,0,0
2024-08-04,0,0,0.0,0.0,0.0,0,0,36,36,0,0
2024-08-05,0,0,0.0,0.0,0.0,0,0,257,257,0,0
2024-08-06,0,0,0.0,0.0,0.0,0,0,282,282,0,0
2024-08-07,0,0,0.0,0.0,0.0,0,0,288,288,0,0
2024-08-08,0,0,0.0,0.0,0.0,0,0,279,279,0,0
2024-08-09,0,0,0.0,0.0,0.0,0,0,216,216,0,0
2024-08-11,0,0,0.0,0.0,0.0,0,0,15,15,0,0
2024-08-12,0,0,0.0,0.0,0.0,0,0,244,244,0,0
2024-08-13,0,0,0.0,0.0,0.0,0,0,265,265,0,0
2024-08-14,0,0,0.0,0.0,0.0,0,0,263,263,0,0
2024-08-15,0,0,0.0,0.0,0.0,0,0,272,272,0,0
2024-08-16,0,0,0.0,0.0,0.0,0,0,241,241,0,0
2024-08-18,0,0,0.0,0.0,0.0,0,0,36,36,0,0
2024-08-19,0,0,0.0,0.0,0.0,0,0,282,282,0,0
2024-08-20,0,0,0.0,0.0,0.0,0,0,272,272,0,0
2024-08-21,0,0,0.0,0.0,0.0,0,0,270,270,0,0
2024-08-22,0,0,0.0,0.0,0.0,0,0,280,280,0,0
2024-08-23,0,0,0.0,0.0,0.0,0,0,183,183,0,0
2024-08-25,0,0,0.0,0.0,0.0,0,0,36,36,0,0
2024-08-26,0,0,0.0,0.0,0.0,0,0,281,281,0,0
2024-08-27,0,0,0.0,0.0,0.0,0,0,278,278,0,0
2024-08-28,0,0,0.0,0.0,0.0,0,0,277,277,0,0
2024-08-29,0,0,0.0,0.0,0.0,0,0,276,276,0,0
2024-08-30,0,0,0.0,0.0,0.0,0,0,202,202,0,0
2024-09-01,0,0,0.0,0.0,0.0,0,0,35,35,0,0
2024-09-02,0,0,0.0,0.0,0.0,0,0,288,288,0,0
2024-09-03,0,0,0.0,0.0,0.0,0,0,229,229,0,0
2024-09-04,0,0,0.0,0.0,0.0,0,0,288,288,0,0
2024-09-05,0,0,0.0,0.0,0.0,0,0,261,261,0,0
2024-09-06,0,0,0.0,0.0,0.0,0,0,208,208,0,0
2024-09-08,0,0,0.0,0.0,0.0,0,0,35,35,0,0
2024-09-09,0,0,0.0,0.0,0.0,0,0,269,269,0,0
2024-09-10,0,0,0.0,0.0,0.0,0,0,283,283,0,0
2024-09-11,0,0,0.0,0.0,0.0,0,0,259,259,0,0
2024-09-12,0,0,0.0,0.0,0.0,0,0,271,271,0,0
2024-09-13,0,0,0.0,0.0,0.0,0,0,248,248,0,0
2024-09-15,0,0,0.0,0.0,0.0,0,0,35,35,0,0
2024-09-16,0,0,0.0,0.0,0.0,0,0,273,273,0,0
2024-09-17,0,0,0.0,0.0,0.0,0,0,253,253,0,0
2024-09-18,0,0,0.0,0.0,0.0,0,0,247,247,0,0
2024-09-19,0,0,0.0,0.0,0.0,0,0,274,274,0,0
2024-09-20,0,0,0.0,0.0,0.0,0,0,241,241,0,0
2024-09-22,0,0,0.0,0.0,0.0,0,0,35,35,0,0
2024-09-23,0,0,0.0,0.0,0.0,0,0,288,288,0,0
2024-09-24,0,0,0.0,0.0,0.0,0,0,270,270,0,0
2024-09-25,0,0,0.0,0.0,0.0,0,0,288,288,0,0
2024-09-26,0,0,0.0,0.0,0.0,0,0,253,253,0,0
2024-09-27,0,0,0.0,0.0,0.0,0,0,241,241,0,0
2024-09-29,0,0,0.0,0.0,0.0,0,0,33,33,0,0
2024-09-30,0,0,0.0,0.0,0.0,0,0,282,282,0,0
2024-10-01,0,0,0.0,0.0,0.0,0,0,273,273,0,0
2024-10-02,0,0,0.0,0.0,0.0,0,0,276,276,0,0
2024-10-03,0,0,0.0,0.0,0.0,0,0,281,281,0,0
2024-10-04,0,0,0.0,0.0,0.0,0,0,217,217,0,0
2024-10-06,0,0,0.0,0.0,0.0,0,0,36,36,0,0
2024-10-07,0,0,0.0,0.0,0.0,0,0,282,282,0,0
2024-10-08,0,0,0.0,0.0,0.0,0,0,260,260,0,0
2024-10-09,0,0,0.0,0.0,0.0,0,0,273,273,0,0
2024-10-10,0,0,0.0,0.0,0.0,0,0,258,258,0,0
2024-10-11,0,0,0.0,0.0,0.0,0,0,246,246,0,0
2024-10-13,0,0,0.0,0.0,0.0,0,0,36,36,0,0
2024-10-14,0,0,0.0,0.0,0.0,0,0,276,276,0,0
2024-10-15,0,0,0.0,0.0,0.0,0,0,260,260,0,0
2024-10-16,0,0,0.0,0.0,0.0,0,0,258,258,0,0
2024-10-17,0,0,0.0,0.0,0.0,0,0,256,256,0,0
2024-10-18,0,0,0.0,0.0,0.0,0,0,207,207,0,0
2024-10-20,0,0,0.0,0.0,0.0,0,0,36,36,0,0
2024-10-21,0,0,0.0,0.0,0.0,0,0,286,286,0,0
2024-10-22,0,0,0.0,0.0,0.0,0,0,275,275,0,0
2024-10-23,0,0,0.0,0.0,0.0,0,0,265,265,0,0
2024-10-24,0,0,0.0,0.0,0.0,0,0,265,265,0,0
2024-10-25,0,0,0.0,0.0,0.0,0,0,221,221,0,0
2024-10-27,0,0,0.0,0.0,0.0,0,0,36,36,0,0
2024-10-28,0,0,0.0,0.0,0.0,0,0,285,285,0,0
2024-10-29,0,0,0.0,0.0,0.0,0,0,273,273,0,0
2024-10-30,0,0,0.0,0.0,0.0,0,0,249,249,0,0
2024-10-31,0,0,0.0,0.0,0.0,0,0,269,269,0,0
2024-11-01,0,0,0.0,0.0,0.0,0,0,232,232,0,0
2024-11-03,0,0,0.0,0.0,0.0,0,0,23,23,0,0
2024-11-04,0,0,0.0,0.0,0.0,0,0,288,288,0,0
2024-11-05,0,0,0.0,0.0,0.0,0,0,273,273,0,0
2024-11-06,0,0,0.0,0.0,0.0,0,0,249,249,0,0
2024-11-07,0,0,0.0,0.0,0.0,0,0,277,277,0,0
2024-11-08,0,0,0.0,0.0,0.0,0,0,262,262,0,0
2024-11-10,0,0,0.0,0.0,0.0,0,0,21,21,0,0
2024-11-11,0,0,0.0,0.0,0.0,0,0,285,285,0,0
2024-11-12,0,0,0.0,0.0,0.0,0,0,255,255,0,0
2024-11-13,0,0,0.0,0.0,0.0,0,0,280,280,0,0
2024-11-14,0,0,0.0,0.0,0.0,0,0,288,288,0,0
2024-11-15,0,0,0.0,0.0,0.0,0,0,253,253,0,0
2024-11-17,0,0,0.0,0.0,0.0,0,0,24,24,0,0
2024-11-18,0,0,0.0,0.0,0.0,0,0,232,232,0,0
2024-11-19,0,0,0.0,0.0,0.0,0,0,225,225,0,0
2024-11-20,0,0,0.0,0.0,0.0,0,0,277,277,0,0
2024-11-21,0,0,0.0,0.0,0.0,0,0,252,252,0,0
2024-11-22,0,0,0.0,0.0,0.0,0,0,258,258,0,0
2024-11-24,0,0,0.0,0.0,0.0,0,0,24,24,0,0
2024-11-25,0,0,0.0,0.0,0.0,0,0,282,282,0,0
2024-11-26,0,0,0.0,0.0,0.0,0,0,251,251,0,0
2024-11-27,0,0,0.0,0.0,0.0,0,0,279,279,0,0
2024-11-28,0,0,0.0,0.0,0.0,0,0,270,270,0,0
2024-11-29,0,0,0.0,0.0,0.0,0,0,187,187,0,0
2024-12-01,0,0,0.0,0.0,0.0,0,0,24,24,0,0
2024-12-02,0,0,0.0,0.0,0.0,0,0,230,230,0,0
2024-12-03,0,0,0.0,0.0,0.0,0,0,208,208,0,0
2024-12-04,0,0,0.0,0.0,0.0,0,0,264,264,0,0
2024-12-05,0,0,0.0,0.0,0.0,0,0,259,259,0,0
2024-12-06,0,0,0.0,0.0,0.0,0,0,107,107,0,0
2024-12-08,0,0,0.0,0.0,0.0,0,0,9,9,0,0
2024-12-09,0,0,0.0,0.0,0.0,0,0,249,249,0,0
2024-12-10,0,0,0.0,0.0,0.0,0,0,286,286,0,0
2024-12-11,0,0,0.0,0.0,0.0,0,0,260,260,0,0
2024-12-12,0,0,0.0,0.0,0.0,0,0,258,258,0,0
2024-12-13,0,0,0.0,0.0,0.0,0,0,263,263,0,0
2024-12-15,0,0,0.0,0.0,0.0,0,0,24,24,0,0
2024-12-16,0,0,0.0,0.0,0.0,0,0,279,279,0,0
2024-12-17,0,0,0.0,0.0,0.0,0,0,280,280,0,0
2024-12-18,0,0,0.0,0.0,0.0,0,0,281,281,0,0
2024-12-19,0,0,0.0,0.0,0.0,0,0,271,271,0,0
2024-12-20,0,0,0.0,0.0,0.0,0,0,263,263,0,0
2024-12-22,0,0,0.0,0.0,0.0,0,0,24,24,0,0
2024-12-23,0,0,0.0,0.0,0.0,0,0,258,258,0,0
2024-12-24,0,0,0.0,0.0,0.0,0,0,253,253,0,0
2024-12-25,0,0,0.0,0.0,0.0,0,0,108,108,0,0
2024-12-26,0,0,0.0,0.0,0.0,0,0,257,257,0,0
2024-12-27,0,0,0.0,0.0,0.0,0,0,228,228,0,0
2024-12-29,0,0,0.0,0.0,0.0,0,0,14,14,0,0
2024-12-30,0,0,0.0,0.0,0.0,0,0,233,233,0,0
2024-12-31,0,0,0.0,0.0,0.0,0,0,229,229,0,0
