date,breakouts,gate_pass,gate_block,ev_pass,ev_reject,fills,wins,pnl_pips
2018-01-01,0,0,9,0,0,0,0.0,0.0
2018-01-02,2,2,98,0,0,2,0.0,-4.094222168260563
2018-01-03,2,2,39,0,0,2,0.0,-3.1974141534420744
2018-01-04,2,2,113,0,0,2,0.6271631308048511,-3.1479780571193574
2018-01-05,2,2,96,0,0,2,1.0,-0.7048631784205466
2018-01-07,0,0,12,0,0,0,0.0,0.0
2018-01-08,2,2,88,0,0,2,1.0,-0.4274957005708857
2018-01-09,2,2,108,0,0,2,1.0,-0.3799822352751294
2018-01-10,2,2,99,0,0,2,0.0,-3.48239267552258
2018-01-11,2,2,102,0,0,2,2.0,2.249494831014975
2018-01-12,2,2,57,0,0,2,2.0,1.9756088925328799
2018-01-14,0,0,16,0,0,0,0.0,0.0
2018-01-15,2,2,106,0,0,2,0.0,-4.564593396625954
2018-01-16,2,2,109,0,0,2,0.0,-3.578418184625134
2018-01-17,2,2,101,0,0,2,0.0,-3.742592552283675
2018-01-18,2,2,84,0,0,2,0.0,-3.9708438880047856
2018-01-19,2,2,88,0,0,2,0.0,-3.396710161465108
2018-01-21,0,0,12,0,0,0,0.0,0.0
2018-01-22,2,2,110,0,0,2,0.0,-3.840191755447899
2018-01-23,2,2,95,0,0,2,0.0,-3.1792078101504755
2018-01-24,2,2,105,0,0,2,0.6349120537732689,-2.071958185235275
2018-01-25,2,2,103,0,0,2,1.0,-0.2153965723770379
2018-01-26,2,2,77,0,0,2,0.0,-3.535762367996255
2018-01-28,0,0,10,0,0,0,0.0,0.0
2018-01-29,2,2,94,0,0,2,0.0,-3.2064444743726552
2018-01-30,2,2,98,0,0,2,1.0,-0.3159670732136568
2018-01-31,2,2,95,0,0,2,0.0,-3.4158476302979164
2018-02-01,2,2,109,0,0,2,0.0,-3.679466799332663
2018-02-02,2,2,94,0,0,2,0.6355479253055389,-1.7059736061532391
2018-02-04,0,0,12,0,0,0,0.0,0.0
2018-02-05,2,2,111,0,0,2,0.0,-3.974312394386274
2018-02-06,0,0,110,0,86,0,0.0,0.0
2018-02-07,0,0,103,0,138,0,0.0,0.0
2018-02-08,0,0,70,0,116,0,0.0,0.0
2018-02-09,0,0,94,0,130,0,0.0,0.0
2018-02-11,0,0,14,0,0,0,0.0,0.0
2018-02-12,0,0,115,0,120,0,0.0,0.0
2018-02-13,0,0,106,0,105,0,0.0,0.0
2018-02-14,0,0,106,0,140,0,0.0,0.0
2018-02-15,0,0,111,0,133,0,0.0,0.0
2018-02-16,0,0,93,0,117,0,0.0,0.0
2018-02-18,0,0,17,0,0,0,0.0,0.0
2018-02-19,0,0,102,0,73,0,0.0,0.0
2018-02-20,0,0,109,0,133,0,0.0,0.0
2018-02-21,0,0,108,0,153,0,0.0,0.0
2018-02-22,0,0,114,0,140,0,0.0,0.0
2018-02-23,0,0,96,0,124,0,0.0,0.0
2018-02-25,0,0,5,0,0,0,0.0,0.0
2018-02-26,0,0,106,0,119,0,0.0,0.0
2018-02-27,0,0,73,0,111,0,0.0,0.0
2018-02-28,0,0,105,0,107,0,0.0,0.0
2018-03-01,0,0,107,0,151,0,0.0,0.0
2018-03-02,0,0,91,0,135,0,0.0,0.0
2018-03-04,0,0,6,0,0,0,0.0,0.0
2018-03-05,0,0,30,0,152,0,0.0,0.0
2018-03-06,0,0,111,0,124,0,0.0,0.0
2018-03-07,0,0,111,0,78,0,0.0,0.0
2018-03-08,0,0,110,0,84,0,0.0,0.0
2018-03-09,0,0,96,0,110,0,0.0,0.0
2018-03-11,0,0,14,0,12,0,0.0,0.0
2018-03-12,0,0,117,0,78,0,0.0,0.0
2018-03-13,0,0,108,0,143,0,0.0,0.0
2018-03-14,0,0,93,0,149,0,0.0,0.0
2018-03-15,0,0,105,0,141,0,0.0,0.0
2018-03-16,0,0,96,0,118,0,0.0,0.0
2018-03-18,0,0,8,0,12,0,0.0,0.0
2018-03-19,0,0,110,0,144,0,0.0,0.0
2018-03-20,0,0,119,0,81,0,0.0,0.0
2018-03-21,0,0,113,0,135,0,0.0,0.0
2018-03-22,0,0,114,0,125,0,0.0,0.0
2018-03-23,0,0,96,0,117,0,0.0,0.0
2018-03-25,0,0,8,0,12,0,0.0,0.0
2018-03-26,0,0,102,0,105,0,0.0,0.0
2018-03-27,0,0,104,0,143,0,0.0,0.0
2018-03-28,0,0,113,0,132,0,0.0,0.0
2018-03-29,0,0,105,0,141,0,0.0,0.0
2018-03-30,0,0,133,0,31,0,0.0,0.0
2018-04-01,0,0,2,0,6,0,0.0,0.0
2018-04-02,0,0,32,0,131,0,0.0,0.0
2018-04-03,0,0,104,0,94,0,0.0,0.0
2018-04-04,0,0,78,0,118,0,0.0,0.0
2018-04-05,0,0,110,0,151,0,0.0,0.0
2018-04-06,0,0,95,0,81,0,0.0,0.0
2018-04-08,0,0,7,0,12,0,0.0,0.0
2018-04-09,0,0,61,0,121,0,0.0,0.0
2018-04-10,0,0,107,0,112,0,0.0,0.0
2018-04-11,0,0,113,0,77,0,0.0,0.0
2018-04-12,0,0,114,0,78,0,0.0,0.0
2018-04-13,0,0,97,0,143,0,0.0,0.0
2018-04-15,0,0,0,0,12,0,0.0,0.0
2018-04-16,0,0,114,0,117,0,0.0,0.0
2018-04-17,0,0,118,0,133,0,0.0,0.0
2018-04-18,0,0,113,0,114,0,0.0,0.0
2018-04-19,0,0,110,0,118,0,0.0,0.0
2018-04-20,0,0,95,0,133,0,0.0,0.0
2018-04-22,0,0,10,0,12,0,0.0,0.0
2018-04-23,0,0,111,0,146,0,0.0,0.0
2018-04-24,0,0,106,0,117,0,0.0,0.0
2018-04-25,0,0,93,0,149,0,0.0,0.0
2018-04-26,0,0,109,0,139,0,0.0,0.0
2018-04-27,0,0,94,0,101,0,0.0,0.0
2018-04-29,0,0,16,0,12,0,0.0,0.0
2018-04-30,0,0,78,0,104,0,0.0,0.0
2018-05-01,0,0,114,0,144,0,0.0,0.0
2018-05-02,0,0,116,0,124,0,0.0,0.0
2018-05-03,0,0,115,0,148,0,0.0,0.0
2018-05-04,0,0,98,0,114,0,0.0,0.0
2018-05-06,0,0,14,0,11,0,0.0,0.0
2018-05-07,0,0,107,0,149,0,0.0,0.0
2018-05-08,0,0,103,0,109,0,0.0,0.0
2018-05-09,0,0,106,0,57,0,0.0,0.0
2018-05-10,0,0,111,0,93,0,0.0,0.0
2018-05-11,0,0,101,0,123,0,0.0,0.0
2018-05-13,0,0,1,0,12,0,0.0,0.0
2018-05-14,0,0,73,0,111,0,0.0,0.0
2018-05-15,0,0,115,0,131,0,0.0,0.0
2018-05-16,0,0,105,0,144,0,0.0,0.0
2018-05-17,0,0,94,0,88,0,0.0,0.0
2018-05-18,0,0,92,0,123,0,0.0,0.0
2018-05-20,0,0,3,0,12,0,0.0,0.0
2018-05-21,0,0,115,0,137,0,0.0,0.0
2018-05-22,0,0,99,0,85,0,0.0,0.0
2018-05-23,0,0,99,0,105,0,0.0,0.0
2018-05-24,0,0,111,0,120,0,0.0,0.0
2018-05-25,0,0,98,0,84,0,0.0,0.0
2018-05-27,0,0,7,0,12,0,0.0,0.0
2018-05-28,0,0,120,0,127,0,0.0,0.0
2018-05-29,0,0,111,0,135,0,0.0,0.0
2018-05-30,0,0,108,0,86,0,0.0,0.0
2018-05-31,0,0,108,0,90,0,0.0,0.0
2018-06-01,0,0,93,0,137,0,0.0,0.0
2018-06-03,0,0,3,0,12,0,0.0,0.0
2018-06-04,0,0,124,0,112,0,0.0,0.0
2018-06-05,0,0,94,0,118,0,0.0,0.0
2018-06-06,0,0,95,0,134,0,0.0,0.0
2018-06-07,0,0,102,0,150,0,0.0,0.0
2018-06-08,0,0,86,0,123,0,0.0,0.0
2018-06-10,0,0,1,0,12,0,0.0,0.0
2018-06-11,0,0,122,0,108,0,0.0,0.0
2018-06-12,0,0,103,0,116,0,0.0,0.0
2018-06-13,0,0,102,0,133,0,0.0,0.0
2018-06-14,0,0,67,0,114,0,0.0,0.0
2018-06-15,0,0,95,0,108,0,0.0,0.0
2018-06-17,0,0,11,0,12,0,0.0,0.0
2018-06-18,0,0,120,0,86,0,0.0,0.0
2018-06-19,0,0,108,0,145,0,0.0,0.0
2018-06-20,0,0,117,0,136,0,0.0,0.0
2018-06-21,0,0,105,0,150,0,0.0,0.0
2018-06-22,0,0,97,0,102,0,0.0,0.0
2018-06-24,0,0,8,0,12,0,0.0,0.0
2018-06-25,0,0,122,0,122,0,0.0,0.0
2018-06-26,0,0,106,0,124,0,0.0,0.0
2018-06-27,0,0,102,0,121,0,0.0,0.0
2018-06-28,0,0,104,0,155,0,0.0,0.0
2018-06-29,0,0,95,0,112,0,0.0,0.0
2018-07-01,0,0,9,0,8,0,0.0,0.0
2018-07-02,0,0,91,0,86,0,0.0,0.0
2018-07-03,0,0,122,0,127,0,0.0,0.0
2018-07-04,0,0,141,0,44,0,0.0,0.0
2018-07-05,0,0,101,0,118,0,0.0,0.0
2018-07-06,0,0,93,0,77,0,0.0,0.0
2018-07-08,0,0,5,0,12,0,0.0,0.0
2018-07-09,0,0,61,0,135,0,0.0,0.0
2018-07-10,0,0,108,0,136,0,0.0,0.0
2018-07-11,0,0,76,0,156,0,0.0,0.0
2018-07-12,0,0,116,0,88,0,0.0,0.0
2018-07-13,0,0,102,0,128,0,0.0,0.0
2018-07-15,0,0,13,0,12,0,0.0,0.0
2018-07-16,0,0,97,0,138,0,0.0,0.0
2018-07-17,0,0,109,0,149,0,0.0,0.0
2018-07-18,0,0,84,0,121,0,0.0,0.0
2018-07-19,0,0,103,0,128,0,0.0,0.0
2018-07-20,0,0,93,0,117,0,0.0,0.0
2018-07-22,0,0,18,0,12,0,0.0,0.0
2018-07-23,0,0,114,0,145,0,0.0,0.0
2018-07-24,0,0,91,0,138,0,0.0,0.0
2018-07-25,0,0,91,0,117,0,0.0,0.0
2018-07-26,0,0,120,0,133,0,0.0,0.0
2018-07-27,0,0,101,0,77,0,0.0,0.0
2018-07-29,0,0,4,0,8,0,0.0,0.0
2018-07-30,0,0,106,0,104,0,0.0,0.0
2018-07-31,0,0,110,0,74,0,0.0,0.0
2018-08-01,0,0,102,0,142,0,0.0,0.0
2018-08-02,0,0,103,0,150,0,0.0,0.0
2018-08-03,0,0,89,0,120,0,0.0,0.0
2018-08-05,0,0,1,0,12,0,0.0,0.0
2018-08-06,0,0,135,0,92,0,0.0,0.0
2018-08-07,0,0,122,0,149,0,0.0,0.0
2018-08-08,0,0,106,0,105,0,0.0,0.0
2018-08-09,0,0,119,0,139,0,0.0,0.0
2018-08-10,0,0,96,0,110,0,0.0,0.0
2018-08-12,0,0,0,0,12,0,0.0,0.0
2018-08-13,0,0,99,0,137,0,0.0,0.0
2018-08-14,0,0,99,0,138,0,0.0,0.0
2018-08-15,0,0,121,0,128,0,0.0,0.0
2018-08-16,0,0,116,0,130,0,0.0,0.0
2018-08-17,0,0,96,0,107,0,0.0,0.0
2018-08-19,0,0,7,0,12,0,0.0,0.0
2018-08-20,0,0,101,0,102,0,0.0,0.0
2018-08-21,0,0,111,0,142,0,0.0,0.0
2018-08-22,0,0,103,0,146,0,0.0,0.0
2018-08-23,0,0,106,0,135,0,0.0,0.0
2018-08-24,0,0,68,0,112,0,0.0,0.0
2018-08-26,0,0,7,0,12,0,0.0,0.0
2018-08-27,0,0,135,0,107,0,0.0,0.0
2018-08-28,0,0,113,0,129,0,0.0,0.0
2018-08-29,0,0,111,0,141,0,0.0,0.0
2018-08-30,0,0,99,0,150,0,0.0,0.0
2018-08-31,0,0,62,0,115,0,0.0,0.0
2018-09-02,0,0,10,0,12,0,0.0,0.0
2018-09-03,0,0,124,0,97,0,0.0,0.0
2018-09-04,0,0,100,0,131,0,0.0,0.0
2018-09-05,0,0,75,0,58,0,0.0,0.0
2018-09-06,0,0,112,0,128,0,0.0,0.0
2018-09-07,0,0,95,0,119,0,0.0,0.0
2018-09-09,0,0,17,0,2,0,0.0,0.0
2018-09-10,0,0,97,0,111,0,0.0,0.0
2018-09-11,0,0,105,0,153,0,0.0,0.0
2018-09-12,0,0,104,0,103,0,0.0,0.0
2018-09-13,0,0,123,0,137,0,0.0,0.0
2018-09-14,0,0,92,0,74,0,0.0,0.0
2018-09-16,0,0,2,0,0,0,0.0,0.0
2018-09-17,0,0,51,0,126,0,0.0,0.0
2018-09-18,0,0,117,0,123,0,0.0,0.0
2018-09-19,0,0,91,0,43,0,0.0,0.0
2018-09-20,0,0,104,0,118,0,0.0,0.0
2018-09-21,0,0,94,0,113,0,0.0,0.0
2018-09-23,0,0,6,0,12,0,0.0,0.0
2018-09-24,0,0,120,0,103,0,0.0,0.0
2018-09-25,0,0,131,0,123,0,0.0,0.0
2018-09-26,0,0,131,0,124,0,0.0,0.0
2018-09-27,0,0,123,0,138,0,0.0,0.0
2018-09-28,0,0,105,0,108,0,0.0,0.0
2018-09-30,0,0,15,0,12,0,0.0,0.0
2018-10-01,0,0,116,0,132,0,0.0,0.0
2018-10-02,0,0,102,0,136,0,0.0,0.0
2018-10-03,0,0,106,0,150,0,0.0,0.0
2018-10-04,0,0,110,0,123,0,0.0,0.0
2018-10-05,0,0,68,0,134,0,0.0,0.0
2018-10-07,0,0,6,0,12,0,0.0,0.0
2018-10-08,0,0,108,0,121,0,0.0,0.0
2018-10-09,0,0,102,0,125,0,0.0,0.0
2018-10-10,0,0,105,0,151,0,0.0,0.0
2018-10-11,0,0,69,0,111,0,0.0,0.0
2018-10-12,0,0,95,0,134,0,0.0,0.0
2018-10-14,0,0,7,0,12,0,0.0,0.0
2018-10-15,0,0,106,0,119,0,0.0,0.0
2018-10-16,0,0,112,0,109,0,0.0,0.0
2018-10-17,0,0,99,0,126,0,0.0,0.0
2018-10-18,0,0,103,0,149,0,0.0,0.0
2018-10-19,0,0,96,0,127,0,0.0,0.0
2018-10-21,0,0,16,0,12,0,0.0,0.0
2018-10-22,0,0,120,0,100,0,0.0,0.0
2018-10-23,0,0,106,0,135,0,0.0,0.0
2018-10-24,0,0,104,0,147,0,0.0,0.0
2018-10-25,0,0,79,0,146,0,0.0,0.0
2018-10-26,0,0,93,0,134,0,0.0,0.0
2018-10-28,0,0,9,0,12,0,0.0,0.0
2018-10-29,0,0,87,0,108,0,0.0,0.0
2018-10-30,0,0,113,0,121,0,0.0,0.0
2018-10-31,0,0,109,0,106,0,0.0,0.0
2018-11-01,0,0,104,0,144,0,0.0,0.0
2018-11-02,0,0,96,0,124,0,0.0,0.0
2018-11-04,0,0,15,0,0,0,0.0,0.0
2018-11-05,0,0,87,0,127,0,0.0,0.0
2018-11-06,0,0,111,0,139,0,0.0,0.0
2018-11-07,0,0,92,0,131,0,0.0,0.0
2018-11-08,0,0,104,0,135,0,0.0,0.0
2018-11-09,0,0,98,0,111,0,0.0,0.0
2018-11-11,0,0,8,0,0,0,0.0,0.0
2018-11-12,0,0,109,0,118,0,0.0,0.0
2018-11-13,0,0,103,0,131,0,0.0,0.0
2018-11-14,0,0,105,0,134,0,0.0,0.0
2018-11-15,0,0,86,0,140,0,0.0,0.0
2018-11-16,0,0,85,0,145,0,0.0,0.0
2018-11-18,0,0,14,0,0,0,0.0,0.0
2018-11-19,0,0,85,0,119,0,0.0,0.0
2018-11-20,0,0,76,0,132,0,0.0,0.0
2018-11-21,0,0,103,0,95,0,0.0,0.0
2018-11-22,0,0,71,0,73,0,0.0,0.0
2018-11-23,0,0,83,0,129,0,0.0,0.0
2018-11-25,0,0,11,0,0,0,0.0,0.0
2018-11-26,0,0,109,0,136,0,0.0,0.0
2018-11-27,0,0,109,0,125,0,0.0,0.0
2018-11-28,0,0,132,0,118,0,0.0,0.0
2018-11-29,0,0,96,0,150,0,0.0,0.0
2018-11-30,0,0,9,0,103,0,0.0,0.0
2018-12-02,0,0,14,0,0,0,0.0,0.0
2018-12-03,0,0,89,0,129,0,0.0,0.0
2018-12-04,0,0,106,0,149,0,0.0,0.0
2018-12-05,0,0,138,0,128,0,0.0,0.0
2018-12-06,0,0,112,0,154,0,0.0,0.0
2018-12-07,0,0,94,0,123,0,0.0,0.0
2018-12-09,0,0,14,0,0,0,0.0,0.0
2018-12-10,0,0,106,0,138,0,0.0,0.0
2018-12-11,0,0,110,0,139,0,0.0,0.0
2018-12-12,0,0,101,0,119,0,0.0,0.0
2018-12-13,0,0,96,0,113,0,0.0,0.0
2018-12-14,0,0,76,0,144,0,0.0,0.0
2018-12-16,0,0,18,0,0,0,0.0,0.0
2018-12-17,0,0,119,0,133,0,0.0,0.0
2018-12-18,0,0,111,0,152,0,0.0,0.0
2018-12-19,0,0,136,0,113,0,0.0,0.0
2018-12-20,0,0,94,0,152,0,0.0,0.0
2018-12-21,0,0,77,0,102,0,0.0,0.0
2018-12-23,0,0,5,0,0,0,0.0,0.0
2018-12-24,0,0,11,0,122,0,0.0,0.0
2018-12-25,0,0,117,0,0,0,0.0,0.0
2018-12-26,0,0,78,0,148,0,0.0,0.0
2018-12-27,0,0,112,0,119,0,0.0,0.0
2018-12-28,0,0,95,0,72,0,0.0,0.0
2018-12-30,0,0,13,0,0,0,0.0,0.0
2018-12-31,0,0,92,0,132,0,0.0,0.0
2019-01-01,0,0,16,0,0,0,0.0,0.0
2019-01-02,0,0,110,0,116,0,0.0,0.0
2019-01-03,0,0,111,0,49,0,0.0,0.0
2019-01-04,0,0,96,0,150,0,0.0,0.0
2019-01-06,0,0,11,0,0,0,0.0,0.0
2019-01-07,0,0,88,0,147,0,0.0,0.0
2019-01-08,0,0,108,0,124,0,0.0,0.0
2019-01-09,0,0,103,0,120,0,0.0,0.0
2019-01-10,0,0,105,0,153,0,0.0,0.0
2019-01-11,0,0,85,0,126,0,0.0,0.0
2019-01-13,0,0,13,0,0,0,0.0,0.0
2019-01-14,0,0,112,0,129,0,0.0,0.0
2019-01-15,0,0,97,0,139,0,0.0,0.0
2019-01-16,0,0,102,0,116,0,0.0,0.0
2019-01-17,0,0,105,0,118,0,0.0,0.0
2019-01-18,0,0,95,0,141,0,0.0,0.0
2019-01-20,0,0,8,0,0,0,0.0,0.0
2019-01-21,0,0,128,0,54,0,0.0,0.0
2019-01-22,0,0,92,0,136,0,0.0,0.0
2019-01-23,0,0,99,0,138,0,0.0,0.0
2019-01-24,0,0,91,0,140,0,0.0,0.0
2019-01-25,0,0,95,0,146,0,0.0,0.0
2019-01-27,0,0,17,0,0,0,0.0,0.0
2019-01-28,0,0,103,0,137,0,0.0,0.0
2019-01-29,0,0,104,0,142,0,0.0,0.0
2019-01-30,0,0,50,0,130,0,0.0,0.0
2019-01-31,0,0,106,0,145,0,0.0,0.0
2019-02-01,0,0,96,0,142,0,0.0,0.0
2019-02-03,0,0,18,0,0,0,0.0,0.0
2019-02-04,0,0,111,0,89,0,0.0,0.0
2019-02-05,0,0,86,0,109,0,0.0,0.0
2019-02-06,0,0,107,0,137,0,0.0,0.0
2019-02-07,0,0,89,0,131,0,0.0,0.0
2019-02-08,0,0,62,0,112,0,0.0,0.0
2019-02-10,0,0,8,0,0,0,0.0,0.0
2019-02-11,0,0,116,0,123,0,0.0,0.0
2019-02-12,0,0,123,0,110,0,0.0,0.0
2019-02-13,0,0,143,0,102,0,0.0,0.0
2019-02-14,0,0,99,0,150,0,0.0,0.0
2019-02-15,0,0,92,0,123,0,0.0,0.0
2019-02-17,0,0,13,0,0,0,0.0,0.0
2019-02-18,0,0,213,0,23,0,0.0,0.0
2019-02-19,0,0,99,0,149,0,0.0,0.0
2019-02-20,0,0,112,0,146,0,0.0,0.0
2019-02-21,0,0,100,0,93,0,0.0,0.0
2019-02-22,0,0,97,0,149,0,0.0,0.0
2019-02-24,0,0,17,0,0,0,0.0,0.0
2019-02-25,0,0,88,0,118,0,0.0,0.0
2019-02-26,0,0,108,0,145,0,0.0,0.0
2019-02-27,0,0,94,0,137,0,0.0,0.0
2019-02-28,0,0,114,0,131,0,0.0,0.0
2019-03-01,0,0,96,0,117,0,0.0,0.0
2019-03-03,0,0,19,0,0,0,0.0,0.0
2019-03-04,0,0,124,0,103,0,0.0,0.0
2019-03-05,0,0,146,0,95,0,0.0,0.0
2019-03-06,0,0,110,0,118,0,0.0,0.0
2019-03-07,0,0,123,0,124,0,0.0,0.0
2019-03-08,0,0,102,0,118,0,0.0,0.0
2019-03-10,0,0,13,0,7,0,0.0,0.0
2019-03-11,0,0,75,0,130,0,0.0,0.0
2019-03-12,0,0,92,0,135,0,0.0,0.0
2019-03-13,0,0,113,0,128,0,0.0,0.0
2019-03-14,0,0,126,0,88,0,0.0,0.0
2019-03-15,0,0,99,0,84,0,0.0,0.0
2019-03-17,0,0,12,0,11,0,0.0,0.0
2019-03-18,0,0,134,0,117,0,0.0,0.0
2019-03-19,0,0,132,0,105,0,0.0,0.0
2019-03-20,0,0,121,0,124,0,0.0,0.0
2019-03-21,0,0,120,0,134,0,0.0,0.0
2019-03-22,0,0,92,0,144,0,0.0,0.0
2019-03-24,0,0,13,0,12,0,0.0,0.0
2019-03-25,0,0,84,0,130,0,0.0,0.0
2019-03-26,0,0,90,0,123,0,0.0,0.0
2019-03-27,0,0,15,0,104,0,0.0,0.0
2019-03-28,0,0,105,0,71,0,0.0,0.0
2019-03-29,0,0,95,0,37,0,0.0,0.0
2019-03-31,0,0,6,0,12,0,0.0,0.0
2019-04-01,0,0,126,0,122,0,0.0,0.0
2019-04-02,0,0,93,0,95,0,0.0,0.0
2019-04-03,0,0,127,0,69,0,0.0,0.0
2019-04-04,0,0,152,0,85,0,0.0,0.0
2019-04-05,0,0,106,0,44,0,0.0,0.0
2019-04-07,0,0,12,0,2,0,0.0,0.0
2019-04-08,0,0,160,0,87,0,0.0,0.0
2019-04-09,0,0,185,0,66,0,0.0,0.0
2019-04-10,0,0,110,0,128,0,0.0,0.0
2019-04-11,0,0,128,0,109,0,0.0,0.0
2019-04-12,0,0,152,0,64,0,0.0,0.0
2019-04-14,0,0,19,0,12,0,0.0,0.0
2019-04-15,0,0,110,0,52,0,0.0,0.0
2019-04-16,0,0,93,0,55,0,0.0,0.0
2019-04-17,0,0,151,0,74,0,0.0,0.0
2019-04-18,0,0,109,0,87,0,0.0,0.0
2019-04-19,0,0,135,0,1,0,0.0,0.0
2019-04-21,0,0,16,0,11,0,0.0,0.0
2019-04-22,0,0,134,0,0,0,0.0,0.0
2019-04-23,0,0,162,0,80,0,0.0,0.0
2019-04-24,0,0,119,0,136,0,0.0,0.0
2019-04-25,0,0,129,0,120,0,0.0,0.0
2019-04-26,0,0,146,0,87,0,0.0,0.0
2019-04-28,0,0,11,0,12,0,0.0,0.0
2019-04-29,0,0,136,0,84,0,0.0,0.0
2019-04-30,0,0,113,0,98,0,0.0,0.0
2019-05-01,0,0,117,0,126,0,0.0,0.0
2019-05-02,0,0,134,0,96,0,0.0,0.0
2019-05-03,0,0,137,0,77,0,0.0,0.0
2019-05-05,0,0,15,0,12,0,0.0,0.0
2019-05-06,0,0,90,0,112,0,0.0,0.0
2019-05-07,0,0,76,0,147,0,0.0,0.0
2019-05-08,0,0,100,0,105,0,0.0,0.0
2019-05-09,0,0,108,0,140,0,0.0,0.0
2019-05-10,0,0,95,0,120,0,0.0,0.0
2019-05-12,0,0,5,0,12,0,0.0,0.0
2019-05-13,0,0,60,0,118,0,0.0,0.0
2019-05-14,0,0,111,0,145,0,0.0,0.0
2019-05-15,0,0,111,0,149,0,0.0,0.0
2019-05-16,0,0,133,0,130,0,0.0,0.0
2019-05-17,0,0,96,0,133,0,0.0,0.0
2019-05-19,0,0,10,0,12,0,0.0,0.0
2019-05-20,0,0,137,0,131,0,0.0,0.0
2019-05-21,0,0,128,0,105,0,0.0,0.0
2019-05-22,0,0,109,0,121,0,0.0,0.0
2019-05-23,0,0,102,0,156,0,0.0,0.0
2019-05-24,0,0,122,0,102,0,0.0,0.0
2019-05-26,0,0,19,0,12,0,0.0,0.0
2019-05-27,0,0,194,0,61,0,0.0,0.0
2019-05-28,0,0,94,0,113,0,0.0,0.0
2019-05-29,0,0,97,0,130,0,0.0,0.0
2019-05-30,0,0,111,0,117,0,0.0,0.0
2019-05-31,0,0,96,0,119,0,0.0,0.0
2019-06-02,0,0,6,0,12,0,0.0,0.0
2019-06-03,0,0,81,0,138,0,0.0,0.0
2019-06-04,0,0,94,0,118,0,0.0,0.0
2019-06-05,0,0,96,0,131,0,0.0,0.0
2019-06-06,0,0,84,0,115,0,0.0,0.0
2019-06-07,0,0,104,0,110,0,0.0,0.0
2019-06-09,0,0,3,0,12,0,0.0,0.0
2019-06-10,0,0,75,0,129,0,0.0,0.0
2019-06-11,0,0,104,0,149,0,0.0,0.0
2019-06-12,0,0,104,0,39,0,0.0,0.0
2019-06-13,0,0,130,0,129,0,0.0,0.0
2019-06-14,0,0,107,0,111,0,0.0,0.0
2019-06-16,0,0,6,0,5,0,0.0,0.0
2019-06-17,0,0,123,0,106,0,0.0,0.0
2019-06-18,0,0,146,0,73,0,0.0,0.0
2019-06-19,0,0,127,0,108,0,0.0,0.0
2019-06-20,0,0,102,0,146,0,0.0,0.0
2019-06-21,0,0,78,0,127,0,0.0,0.0
2019-06-23,0,0,19,0,11,0,0.0,0.0
2019-06-24,0,0,106,0,136,0,0.0,0.0
2019-06-25,0,0,99,0,143,0,0.0,0.0
2019-06-26,0,0,105,0,126,0,0.0,0.0
2019-06-27,0,0,111,0,152,0,0.0,0.0
2019-06-28,0,0,119,0,100,0,0.0,0.0
2019-06-30,0,0,17,0,12,0,0.0,0.0
2019-07-01,0,0,61,0,96,0,0.0,0.0
2019-07-02,0,0,34,0,129,0,0.0,0.0
2019-07-03,0,0,128,0,135,0,0.0,0.0
2019-07-04,0,0,153,0,11,0,0.0,0.0
2019-07-05,0,0,105,0,92,0,0.0,0.0
2019-07-07,0,0,0,0,0,0,0.0,0.0
2019-07-08,0,0,102,0,141,0,0.0,0.0
2019-07-09,0,0,120,0,78,0,0.0,0.0
2019-07-10,0,0,121,0,129,0,0.0,0.0
2019-07-11,0,0,113,0,133,0,0.0,0.0
2019-07-12,0,0,96,0,119,0,0.0,0.0
2019-07-14,0,0,7,0,12,0,0.0,0.0
2019-07-15,0,0,111,0,83,0,0.0,0.0
2019-07-16,0,0,105,0,123,0,0.0,0.0
2019-07-17,0,0,110,0,105,0,0.0,0.0
2019-07-18,0,0,101,0,135,0,0.0,0.0
2019-07-19,0,0,30,0,91,0,0.0,0.0
2019-07-21,0,0,16,0,5,0,0.0,0.0
2019-07-22,0,0,104,0,91,0,0.0,0.0
2019-07-23,0,0,120,0,121,0,0.0,0.0
2019-07-24,0,0,117,0,122,0,0.0,0.0
2019-07-25,0,0,87,0,111,0,0.0,0.0
2019-07-26,0,0,83,0,47,0,0.0,0.0
2019-07-28,0,0,6,0,0,0,0.0,0.0
2019-07-29,0,0,103,0,129,0,0.0,0.0
2019-07-30,0,0,104,0,132,0,0.0,0.0
2019-07-31,0,0,118,0,96,0,0.0,0.0
2019-08-01,0,0,111,0,150,0,0.0,0.0
2019-08-02,0,0,95,0,135,0,0.0,0.0
2019-08-04,0,0,7,0,12,0,0.0,0.0
2019-08-05,0,0,100,0,118,0,0.0,0.0
2019-08-06,0,0,105,0,46,0,0.0,0.0
2019-08-07,0,0,104,0,111,0,0.0,0.0
2019-08-08,0,0,49,0,104,0,0.0,0.0
2019-08-09,0,0,98,0,136,0,0.0,0.0
2019-08-11,0,0,15,0,12,0,0.0,0.0
2019-08-12,0,0,108,0,148,0,0.0,0.0
2019-08-13,0,0,132,0,128,0,0.0,0.0
2019-08-14,0,0,113,0,116,0,0.0,0.0
2019-08-15,0,0,108,0,89,0,0.0,0.0
2019-08-16,0,0,81,0,73,0,0.0,0.0
2019-08-18,0,0,15,0,1,0,0.0,0.0
2019-08-19,0,0,46,0,53,0,0.0,0.0
2019-08-20,0,0,79,0,98,0,0.0,0.0
2019-08-21,0,0,113,0,139,0,0.0,0.0
2019-08-22,0,0,112,0,141,0,0.0,0.0
2019-08-23,0,0,121,0,104,0,0.0,0.0
2019-08-25,0,0,10,0,12,0,0.0,0.0
2019-08-26,0,0,104,0,77,0,0.0,0.0
2019-08-27,0,0,105,0,101,0,0.0,0.0
2019-08-28,0,0,105,0,130,0,0.0,0.0
2019-08-29,0,0,119,0,144,0,0.0,0.0
2019-08-30,0,0,96,0,130,0,0.0,0.0
2019-09-01,0,0,1,0,12,0,0.0,0.0
2019-09-02,0,0,131,0,105,0,0.0,0.0
2019-09-03,0,0,113,0,127,0,0.0,0.0
2019-09-04,0,0,95,0,94,0,0.0,0.0
2019-09-05,0,0,111,0,152,0,0.0,0.0
2019-09-06,0,0,79,0,93,0,0.0,0.0
2019-09-08,0,0,7,0,0,0,0.0,0.0
2019-09-09,0,0,45,0,129,0,0.0,0.0
2019-09-10,0,0,104,0,134,0,0.0,0.0
2019-09-11,0,0,111,0,109,0,0.0,0.0
2019-09-12,0,0,109,0,131,0,0.0,0.0
2019-09-13,0,0,49,0,49,0,0.0,0.0
2019-09-15,0,0,0,0,12,0,0.0,0.0
2019-09-16,0,0,26,0,150,0,0.0,0.0
2019-09-17,0,0,98,0,34,0,0.0,0.0
2019-09-18,0,0,131,0,89,0,0.0,0.0
2019-09-19,0,0,102,0,143,0,0.0,0.0
2019-09-20,0,0,104,0,114,0,0.0,0.0
2019-09-22,0,0,6,0,12,0,0.0,0.0
2019-09-23,0,0,32,0,85,0,0.0,0.0
2019-09-24,0,0,108,0,148,0,0.0,0.0
2019-09-25,0,0,104,0,121,0,0.0,0.0
2019-09-26,0,0,117,0,127,0,0.0,0.0
2019-09-27,0,0,94,0,130,0,0.0,0.0
2019-09-29,0,0,17,0,12,0,0.0,0.0
2019-09-30,0,0,77,0,141,0,0.0,0.0
2019-10-01,0,0,98,0,131,0,0.0,0.0
2019-10-02,0,0,100,0,144,0,0.0,0.0
2019-10-03,0,0,102,0,154,0,0.0,0.0
2019-10-04,0,0,101,0,120,0,0.0,0.0
2019-10-06,0,0,14,0,12,0,0.0,0.0
2019-10-07,0,0,86,0,131,0,0.0,0.0
2019-10-08,0,0,122,0,133,0,0.0,0.0
2019-10-09,0,0,105,0,139,0,0.0,0.0
2019-10-10,0,0,85,0,117,0,0.0,0.0
2019-10-11,0,0,90,0,139,0,0.0,0.0
2019-10-13,0,0,16,0,9,0,0.0,0.0
2019-10-14,0,0,135,0,104,0,0.0,0.0
2019-10-15,0,0,114,0,136,0,0.0,0.0
2019-10-16,0,0,136,0,109,0,0.0,0.0
2019-10-17,0,0,108,0,124,0,0.0,0.0
2019-10-18,0,0,95,0,67,0,0.0,0.0
2019-10-20,0,0,0,0,4,0,0.0,0.0
2019-10-21,0,0,141,0,88,0,0.0,0.0
2019-10-22,0,0,140,0,115,0,0.0,0.0
2019-10-23,0,0,127,0,113,0,0.0,0.0
2019-10-24,0,0,99,0,87,0,0.0,0.0
2019-10-25,0,0,119,0,113,0,0.0,0.0
2019-10-27,0,0,2,0,12,0,0.0,0.0
2019-10-28,0,0,137,0,121,0,0.0,0.0
2019-10-29,0,0,75,0,97,0,0.0,0.0
2019-10-30,0,0,117,0,101,0,0.0,0.0
2019-10-31,0,0,112,0,136,0,0.0,0.0
2019-11-01,0,0,78,0,127,0,0.0,0.0
2019-11-03,0,0,2,0,0,0,0.0,0.0
2019-11-04,0,0,45,0,110,0,0.0,0.0
2019-11-05,0,0,96,0,109,0,0.0,0.0
2019-11-06,0,0,95,0,91,0,0.0,0.0
2019-11-07,0,0,96,0,145,0,0.0,0.0
2019-11-08,0,0,102,0,143,0,0.0,0.0
2019-11-10,0,0,17,0,0,0,0.0,0.0
2019-11-11,0,0,122,0,93,0,0.0,0.0
2019-11-12,0,0,99,0,139,0,0.0,0.0
2019-11-13,0,0,95,0,145,0,0.0,0.0
2019-11-14,0,0,93,0,142,0,0.0,0.0
2019-11-15,0,0,107,0,131,0,0.0,0.0
2019-11-17,0,0,13,0,0,0,0.0,0.0
2019-11-18,0,0,121,0,123,0,0.0,0.0
2019-11-19,0,0,124,0,141,0,0.0,0.0
2019-11-20,0,0,106,0,125,0,0.0,0.0
2019-11-21,0,0,59,0,52,0,0.0,0.0
2019-11-22,0,0,127,0,93,0,0.0,0.0
2019-11-24,0,0,13,0,0,0,0.0,0.0
2019-11-25,0,0,150,0,54,0,0.0,0.0
2019-11-26,0,0,125,0,93,0,0.0,0.0
2019-11-27,0,0,141,0,116,0,0.0,0.0
2019-11-28,0,0,216,0,24,0,0.0,0.0
2019-11-29,0,0,147,0,89,0,0.0,0.0
2019-12-01,0,0,11,0,0,0,0.0,0.0
2019-12-02,0,0,112,0,119,0,0.0,0.0
2019-12-03,0,0,104,0,144,0,0.0,0.0
2019-12-04,0,0,125,0,110,0,0.0,0.0
2019-12-05,0,0,88,0,117,0,0.0,0.0
2019-12-06,0,0,123,0,112,0,0.0,0.0
2019-12-08,0,0,14,0,0,0,0.0,0.0
2019-12-09,0,0,117,0,114,0,0.0,0.0
2019-12-10,0,0,153,0,104,0,0.0,0.0
2019-12-11,0,0,47,0,112,0,0.0,0.0
2019-12-12,0,0,77,0,138,0,0.0,0.0
2019-12-13,0,0,75,0,119,0,0.0,0.0
2019-12-15,0,0,17,0,0,0,0.0,0.0
2019-12-16,0,0,137,0,84,0,0.0,0.0
2019-12-17,0,0,67,0,87,0,0.0,0.0
2019-12-18,0,0,99,0,55,0,0.0,0.0
2019-12-19,0,0,76,0,119,0,0.0,0.0
2019-12-20,0,0,66,0,91,0,0.0,0.0
2019-12-22,0,0,19,0,0,0,0.0,0.0
2019-12-23,0,0,115,0,63,0,0.0,0.0
2019-12-24,0,0,175,0,36,0,0.0,0.0
2019-12-25,0,0,98,0,0,0,0.0,0.0
2019-12-26,0,0,198,0,42,0,0.0,0.0
2019-12-27,0,0,129,0,67,0,0.0,0.0
2019-12-29,0,0,4,0,0,0,0.0,0.0
2019-12-30,0,0,150,0,77,0,0.0,0.0
2019-12-31,0,0,115,0,113,0,0.0,0.0
2020-01-01,0,0,0,0,0,0,0.0,0.0
2020-01-02,0,0,28,0,113,0,0.0,0.0
2020-01-03,0,0,86,0,122,0,0.0,0.0
2020-01-05,0,0,14,0,0,0,0.0,0.0
2020-01-06,0,0,124,0,112,0,0.0,0.0
2020-01-07,0,0,117,0,103,0,0.0,0.0
2020-01-08,0,0,106,0,123,0,0.0,0.0
2020-01-09,0,0,114,0,127,0,0.0,0.0
2020-01-10,0,0,103,0,88,0,0.0,0.0
2020-01-12,0,0,15,0,0,0,0.0,0.0
2020-01-13,0,0,146,0,98,0,0.0,0.0
2020-01-14,0,0,109,0,97,0,0.0,0.0
2020-01-15,0,0,112,0,96,0,0.0,0.0
2020-01-16,0,0,171,0,84,0,0.0,0.0
2020-01-17,0,0,109,0,79,0,0.0,0.0
2020-01-19,0,0,5,0,0,0,0.0,0.0
2020-01-20,0,0,194,0,10,0,0.0,0.0
2020-01-21,0,0,126,0,113,0,0.0,0.0
2020-01-22,0,0,131,0,120,0,0.0,0.0
2020-01-23,0,0,128,0,105,0,0.0,0.0
2020-01-24,0,0,92,0,142,0,0.0,0.0
2020-01-26,0,0,13,0,0,0,0.0,0.0
2020-01-27,0,0,64,0,124,0,0.0,0.0
2020-01-28,0,0,110,0,146,0,0.0,0.0
2020-01-29,0,0,73,0,92,0,0.0,0.0
2020-01-30,0,0,108,0,132,0,0.0,0.0
2020-01-31,0,0,93,0,152,0,0.0,0.0
2020-02-02,0,0,0,0,0,0,0.0,0.0
2020-02-03,0,0,106,0,97,0,0.0,0.0
2020-02-04,0,0,96,0,118,0,0.0,0.0
2020-02-05,0,0,76,0,86,0,0.0,0.0
2020-02-06,0,0,128,0,110,0,0.0,0.0
2020-02-07,0,0,115,0,133,0,0.0,0.0
2020-02-09,0,0,18,0,0,0,0.0,0.0
2020-02-10,0,0,104,0,77,0,0.0,0.0
2020-02-11,0,0,118,0,75,0,0.0,0.0
2020-02-12,0,0,146,0,111,0,0.0,0.0
2020-02-13,0,0,117,0,129,0,0.0,0.0
2020-02-14,0,0,93,0,121,0,0.0,0.0
2020-02-16,0,0,0,0,0,0,0.0,0.0
2020-02-17,0,0,138,0,35,0,0.0,0.0
2020-02-18,0,0,119,0,95,0,0.0,0.0
2020-02-19,0,0,113,0,154,0,0.0,0.0
2020-02-20,0,0,104,0,120,0,0.0,0.0
2020-02-21,0,0,98,0,140,0,0.0,0.0
2020-02-23,0,0,13,0,0,0,0.0,0.0
2020-02-24,0,0,106,0,155,0,0.0,0.0
2020-02-25,0,0,115,0,147,0,0.0,0.0
2020-02-26,0,0,106,0,112,0,0.0,0.0
2020-02-27,0,0,106,0,122,0,0.0,0.0
2020-02-28,0,0,68,0,154,0,0.0,0.0
2020-03-01,0,0,3,0,0,0,0.0,0.0
2020-03-02,0,0,97,0,136,0,0.0,0.0
2020-03-03,0,0,110,0,99,0,0.0,0.0
2020-03-04,0,0,105,0,100,0,0.0,0.0
2020-03-05,0,0,106,0,133,0,0.0,0.0
2020-03-06,0,0,91,0,144,0,0.0,0.0
2020-03-08,0,0,15,0,12,0,0.0,0.0
2020-03-09,0,0,112,0,86,0,0.0,0.0
2020-03-10,0,0,101,0,137,0,0.0,0.0
2020-03-11,0,0,113,0,100,0,0.0,0.0
2020-03-12,0,0,104,0,132,0,0.0,0.0
2020-03-13,0,0,95,0,122,0,0.0,0.0
2020-03-15,0,0,6,0,12,0,0.0,0.0
2020-03-16,0,0,39,0,152,0,0.0,0.0
2020-03-17,0,0,115,0,127,0,0.0,0.0
2020-03-18,0,0,102,0,133,0,0.0,0.0
2020-03-19,0,0,109,0,133,0,0.0,0.0
2020-03-20,0,0,93,0,130,0,0.0,0.0
2020-03-22,0,0,6,0,0,0,0.0,0.0
2020-03-23,0,0,108,0,143,0,0.0,0.0
2020-03-24,0,0,114,0,149,0,0.0,0.0
2020-03-25,0,0,107,0,146,0,0.0,0.0
2020-03-26,0,0,111,0,96,0,0.0,0.0
2020-03-27,0,0,96,0,114,0,0.0,0.0
2020-03-29,0,0,12,0,12,0,0.0,0.0
2020-03-30,0,0,92,0,71,0,0.0,0.0
2020-03-31,0,0,114,0,144,0,0.0,0.0
2020-04-01,0,0,111,0,141,0,0.0,0.0
2020-04-02,0,0,111,0,125,0,0.0,0.0
2020-04-03,0,0,32,0,97,0,0.0,0.0
2020-04-05,0,0,11,0,12,0,0.0,0.0
2020-04-06,0,0,115,0,92,0,0.0,0.0
2020-04-07,0,0,111,0,132,0,0.0,0.0
2020-04-08,0,0,96,0,142,0,0.0,0.0
2020-04-09,0,0,114,0,157,0,0.0,0.0
2020-04-10,0,0,166,0,38,0,0.0,0.0
2020-04-12,0,0,1,0,10,0,0.0,0.0
2020-04-13,0,0,101,0,115,0,0.0,0.0
2020-04-14,0,0,90,0,150,0,0.0,0.0
2020-04-15,0,0,105,0,124,0,0.0,0.0
2020-04-16,0,0,100,0,146,0,0.0,0.0
2020-04-17,0,0,96,0,123,0,0.0,0.0
2020-04-19,0,0,18,0,3,0,0.0,0.0
2020-04-20,0,0,109,0,135,0,0.0,0.0
2020-04-21,0,0,108,0,59,0,0.0,0.0
2020-04-22,0,0,92,0,73,0,0.0,0.0
2020-04-23,0,0,53,0,136,0,0.0,0.0
2020-04-24,0,0,98,0,132,0,0.0,0.0
2020-04-26,0,0,13,0,10,0,0.0,0.0
2020-04-27,0,0,103,0,146,0,0.0,0.0
2020-04-28,0,0,130,0,133,0,0.0,0.0
2020-04-29,0,0,96,0,108,0,0.0,0.0
2020-04-30,0,0,103,0,128,0,0.0,0.0
2020-05-01,0,0,40,0,141,0,0.0,0.0
2020-05-03,0,0,6,0,11,0,0.0,0.0
2020-05-04,0,0,114,0,124,0,0.0,0.0
2020-05-05,0,0,110,0,132,0,0.0,0.0
2020-05-06,0,0,114,0,138,0,0.0,0.0
2020-05-07,0,0,116,0,142,0,0.0,0.0
2020-05-08,0,0,100,0,89,0,0.0,0.0
2020-05-10,0,0,17,0,12,0,0.0,0.0
2020-05-11,0,0,89,0,141,0,0.0,0.0
2020-05-12,0,0,114,0,115,0,0.0,0.0
2020-05-13,0,0,107,0,125,0,0.0,0.0
2020-05-14,0,0,105,0,136,0,0.0,0.0
2020-05-15,0,0,74,0,134,0,0.0,0.0
2020-05-17,0,0,16,0,12,0,0.0,0.0
2020-05-18,0,0,32,0,130,0,0.0,0.0
2020-05-19,0,0,121,0,142,0,0.0,0.0
2020-05-20,0,0,73,0,118,0,0.0,0.0
2020-05-21,0,0,101,0,99,0,0.0,0.0
2020-05-22,0,0,91,0,79,0,0.0,0.0
2020-05-24,0,0,10,0,6,0,0.0,0.0
2020-05-25,0,0,151,0,14,0,0.0,0.0
2020-05-26,0,0,103,0,98,0,0.0,0.0
2020-05-27,0,0,76,0,140,0,0.0,0.0
2020-05-28,0,0,104,0,140,0,0.0,0.0
2020-05-29,0,0,90,0,119,0,0.0,0.0
2020-05-31,0,0,12,0,12,0,0.0,0.0
2020-06-01,0,0,112,0,133,0,0.0,0.0
2020-06-02,0,0,104,0,130,0,0.0,0.0
2020-06-03,0,0,121,0,127,0,0.0,0.0
2020-06-04,0,0,109,0,145,0,0.0,0.0
2020-06-05,0,0,89,0,97,0,0.0,0.0
2020-06-07,0,0,3,0,4,0,0.0,0.0
2020-06-08,0,0,110,0,145,0,0.0,0.0
2020-06-09,0,0,111,0,154,0,0.0,0.0
2020-06-10,0,0,112,0,140,0,0.0,0.0
2020-06-11,0,0,89,0,101,0,0.0,0.0
2020-06-12,0,0,80,0,114,0,0.0,0.0
2020-06-14,0,0,4,0,9,0,0.0,0.0
2020-06-15,0,0,101,0,120,0,0.0,0.0
2020-06-16,0,0,88,0,134,0,0.0,0.0
2020-06-17,0,0,100,0,99,0,0.0,0.0
2020-06-18,0,0,106,0,118,0,0.0,0.0
2020-06-19,0,0,85,0,61,0,0.0,0.0
2020-06-21,0,0,2,0,12,0,0.0,0.0
2020-06-22,0,0,101,0,111,0,0.0,0.0
2020-06-23,0,0,120,0,48,0,0.0,0.0
2020-06-24,0,0,91,0,114,0,0.0,0.0
2020-06-25,0,0,60,0,148,0,0.0,0.0
2020-06-26,0,0,107,0,117,0,0.0,0.0
2020-06-28,0,0,2,0,12,0,0.0,0.0
2020-06-29,0,0,63,0,133,0,0.0,0.0
2020-06-30,0,0,101,0,143,0,0.0,0.0
2020-07-01,0,0,104,0,53,0,0.0,0.0
2020-07-02,0,0,115,0,98,0,0.0,0.0
2020-07-03,0,0,134,0,30,0,0.0,0.0
2020-07-05,0,0,11,0,8,0,0.0,0.0
2020-07-06,0,0,117,0,114,0,0.0,0.0
2020-07-07,0,0,103,0,145,0,0.0,0.0
2020-07-08,0,0,121,0,138,0,0.0,0.0
2020-07-09,0,0,104,0,121,0,0.0,0.0
2020-07-10,0,0,119,0,110,0,0.0,0.0
2020-07-12,0,0,13,0,12,0,0.0,0.0
2020-07-13,0,0,89,0,90,0,0.0,0.0
2020-07-14,0,0,106,0,134,0,0.0,0.0
2020-07-15,0,0,80,0,124,0,0.0,0.0
2020-07-16,0,0,96,0,148,0,0.0,0.0
2020-07-17,0,0,119,0,87,0,0.0,0.0
2020-07-19,0,0,1,0,10,0,0.0,0.0
2020-07-20,0,0,110,0,138,0,0.0,0.0
2020-07-21,0,0,119,0,140,0,0.0,0.0
2020-07-22,0,0,91,0,130,0,0.0,0.0
2020-07-23,0,0,90,0,108,0,0.0,0.0
2020-07-24,0,0,96,0,124,0,0.0,0.0
2020-07-26,0,0,7,0,0,0,0.0,0.0
2020-07-27,0,0,95,0,113,0,0.0,0.0
2020-07-28,0,0,96,0,113,0,0.0,0.0
2020-07-29,0,0,97,0,116,0,0.0,0.0
2020-07-30,0,0,112,0,110,0,0.0,0.0
2020-07-31,0,0,96,0,139,0,0.0,0.0
2020-08-02,0,0,4,0,12,0,0.0,0.0
2020-08-03,0,0,86,0,150,0,0.0,0.0
2020-08-04,0,0,111,0,144,0,0.0,0.0
2020-08-05,0,0,101,0,92,0,0.0,0.0
2020-08-06,0,0,98,0,90,0,0.0,0.0
2020-08-07,0,0,94,0,113,0,0.0,0.0
2020-08-09,0,0,6,0,12,0,0.0,0.0
2020-08-10,0,0,108,0,99,0,0.0,0.0
2020-08-11,0,0,108,0,136,0,0.0,0.0
2020-08-12,0,0,103,0,136,0,0.0,0.0
2020-08-13,0,0,111,0,109,0,0.0,0.0
2020-08-14,0,0,78,0,115,0,0.0,0.0
2020-08-16,0,0,9,0,11,0,0.0,0.0
2020-08-17,0,0,94,0,149,0,0.0,0.0
2020-08-18,0,0,117,0,69,0,0.0,0.0
2020-08-19,0,0,105,0,148,0,0.0,0.0
2020-08-20,0,0,119,0,110,0,0.0,0.0
2020-08-21,0,0,96,0,141,0,0.0,0.0
2020-08-23,0,0,18,0,12,0,0.0,0.0
2020-08-24,0,0,88,0,111,0,0.0,0.0
2020-08-25,0,0,100,0,102,0,0.0,0.0
2020-08-26,0,0,108,0,126,0,0.0,0.0
2020-08-27,0,0,88,0,99,0,0.0,0.0
2020-08-28,0,0,96,0,133,0,0.0,0.0
2020-08-30,0,0,2,0,9,0,0.0,0.0
2020-08-31,0,0,27,0,147,0,0.0,0.0
2020-09-01,0,0,117,0,149,0,0.0,0.0
2020-09-02,0,0,111,0,41,0,0.0,0.0
2020-09-03,0,0,115,0,142,0,0.0,0.0
2020-09-04,0,0,69,0,121,0,0.0,0.0
2020-09-06,0,0,14,0,12,0,0.0,0.0
2020-09-07,0,0,155,0,91,0,0.0,0.0
2020-09-08,0,0,112,0,115,0,0.0,0.0
2020-09-09,0,0,29,0,81,0,0.0,0.0
2020-09-10,0,0,120,0,112,0,0.0,0.0
2020-09-11,0,0,105,0,94,0,0.0,0.0
2020-09-13,0,0,12,0,12,0,0.0,0.0
2020-09-14,0,0,118,0,135,0,0.0,0.0
2020-09-15,0,0,101,0,129,0,0.0,0.0
2020-09-16,0,0,114,0,101,0,0.0,0.0
2020-09-17,0,0,122,0,146,0,0.0,0.0
2020-09-18,0,0,93,0,104,0,0.0,0.0
2020-09-20,0,0,0,0,12,0,0.0,0.0
2020-09-21,0,0,87,0,111,0,0.0,0.0
2020-09-22,0,0,102,0,157,0,0.0,0.0
2020-09-23,0,0,98,0,133,0,0.0,0.0
2020-09-24,0,0,111,0,88,0,0.0,0.0
2020-09-25,0,0,98,0,129,0,0.0,0.0
2020-09-27,0,0,10,0,12,0,0.0,0.0
2020-09-28,0,0,109,0,102,0,0.0,0.0
2020-09-29,0,0,107,0,74,0,0.0,0.0
2020-09-30,0,0,104,0,150,0,0.0,0.0
2020-10-01,0,0,104,0,117,0,0.0,0.0
2020-10-02,0,0,107,0,94,0,0.0,0.0
2020-10-04,0,0,12,0,8,0,0.0,0.0
2020-10-05,0,0,102,0,109,0,0.0,0.0
2020-10-06,0,0,119,0,91,0,0.0,0.0
2020-10-07,0,0,99,0,147,0,0.0,0.0
2020-10-08,0,0,117,0,59,0,0.0,0.0
2020-10-09,0,0,109,0,104,0,0.0,0.0
2020-10-11,0,0,19,0,12,0,0.0,0.0
2020-10-12,0,0,107,0,81,0,0.0,0.0
2020-10-13,0,0,122,0,64,0,0.0,0.0
2020-10-14,0,0,115,0,125,0,0.0,0.0
2020-10-15,0,0,117,0,139,0,0.0,0.0
2020-10-16,0,0,126,0,82,0,0.0,0.0
2020-10-18,0,0,11,0,0,0,0.0,0.0
2020-10-19,0,0,84,0,130,0,0.0,0.0
2020-10-20,0,0,117,0,135,0,0.0,0.0
2020-10-21,0,0,124,0,117,0,0.0,0.0
2020-10-22,0,0,119,0,137,0,0.0,0.0
2020-10-23,0,0,95,0,65,0,0.0,0.0
2020-10-25,0,0,17,0,12,0,0.0,0.0
2020-10-26,0,0,130,0,116,0,0.0,0.0
2020-10-27,0,0,114,0,132,0,0.0,0.0
2020-10-28,0,0,100,0,119,0,0.0,0.0
2020-10-29,0,0,107,0,144,0,0.0,0.0
2020-10-30,0,0,101,0,87,0,0.0,0.0
2020-11-01,0,0,8,0,0,0,0.0,0.0
2020-11-02,0,0,110,0,134,0,0.0,0.0
2020-11-03,0,0,44,0,144,0,0.0,0.0
2020-11-04,0,0,112,0,136,0,0.0,0.0
2020-11-05,0,0,115,0,83,0,0.0,0.0
2020-11-06,0,0,88,0,97,0,0.0,0.0
2020-11-08,0,0,10,0,0,0,0.0,0.0
2020-11-09,0,0,101,0,139,0,0.0,0.0
2020-11-10,0,0,96,0,66,0,0.0,0.0
2020-11-11,0,0,96,0,80,0,0.0,0.0
2020-11-12,0,0,106,0,142,0,0.0,0.0
2020-11-13,0,0,96,0,144,0,0.0,0.0
2020-11-15,0,0,0,0,0,0,0.0,0.0
2020-11-16,0,0,101,0,132,0,0.0,0.0
2020-11-17,0,0,114,0,91,0,0.0,0.0
2020-11-18,0,0,114,0,117,0,0.0,0.0
2020-11-19,0,0,91,0,125,0,0.0,0.0
2020-11-20,0,0,90,0,70,0,0.0,0.0
2020-11-22,0,0,16,0,0,0,0.0,0.0
2020-11-23,0,0,49,0,125,0,0.0,0.0
2020-11-24,0,0,100,0,98,0,0.0,0.0
2020-11-25,0,0,109,0,82,0,0.0,0.0
2020-11-26,0,0,161,0,46,0,0.0,0.0
2020-11-27,0,0,143,0,81,0,0.0,0.0
2020-11-29,0,0,11,0,0,0,0.0,0.0
2020-11-30,0,0,108,0,124,0,0.0,0.0
2020-12-01,0,0,111,0,109,0,0.0,0.0
2020-12-02,0,0,116,0,134,0,0.0,0.0
2020-12-03,0,0,100,0,111,0,0.0,0.0
2020-12-04,0,0,55,0,120,0,0.0,0.0
2020-12-06,0,0,17,0,0,0,0.0,0.0
2020-12-07,0,0,70,0,141,0,0.0,0.0
2020-12-08,0,0,110,0,42,0,0.0,0.0
2020-12-09,0,0,116,0,145,0,0.0,0.0
2020-12-10,0,0,101,0,127,0,0.0,0.0
2020-12-11,0,0,100,0,119,0,0.0,0.0
2020-12-13,0,0,0,0,0,0,0.0,0.0
2020-12-14,0,0,43,0,139,0,0.0,0.0
2020-12-15,0,0,97,0,132,0,0.0,0.0
2020-12-16,0,0,106,0,151,0,0.0,0.0
2020-12-17,0,0,101,0,88,0,0.0,0.0
2020-12-18,0,0,96,0,72,0,0.0,0.0
2020-12-20,0,0,0,0,0,0,0.0,0.0
2020-12-21,0,0,18,0,130,0,0.0,0.0
2020-12-22,0,0,112,0,112,0,0.0,0.0
2020-12-23,0,0,111,0,57,0,0.0,0.0
2020-12-24,0,0,122,0,102,0,0.0,0.0
2020-12-25,0,0,58,0,0,0,0.0,0.0
2020-12-27,0,0,17,0,0,0,0.0,0.0
2020-12-28,0,0,80,0,143,0,0.0,0.0
2020-12-29,0,0,139,0,73,0,0.0,0.0
2020-12-30,0,0,112,0,132,0,0.0,0.0
2020-12-31,0,0,16,0,116,0,0.0,0.0
2021-01-03,0,0,10,0,0,0,0.0,0.0
2021-01-04,0,0,102,0,143,0,0.0,0.0
2021-01-05,0,0,110,0,135,0,0.0,0.0
2021-01-06,0,0,88,0,134,0,0.0,0.0
2021-01-07,0,0,100,0,145,0,0.0,0.0
2021-01-08,0,0,89,0,143,0,0.0,0.0
2021-01-10,0,0,18,0,0,0,0.0,0.0
2021-01-11,0,0,102,0,117,0,0.0,0.0
2021-01-12,0,0,75,0,107,0,0.0,0.0
2021-01-13,0,0,104,0,97,0,0.0,0.0
2021-01-14,0,0,100,0,107,0,0.0,0.0
2021-01-15,0,0,37,0,123,0,0.0,0.0
2021-01-17,0,0,5,0,0,0,0.0,0.0
2021-01-18,0,0,153,0,78,0,0.0,0.0
2021-01-19,0,0,108,0,93,0,0.0,0.0
2021-01-20,0,0,128,0,119,0,0.0,0.0
2021-01-21,0,0,112,0,140,0,0.0,0.0
2021-01-22,0,0,113,0,85,0,0.0,0.0
2021-01-24,0,0,1,0,0,0,0.0,0.0
2021-01-25,0,0,92,0,93,0,0.0,0.0
2021-01-26,0,0,125,0,52,0,0.0,0.0
2021-01-27,0,0,93,0,154,0,0.0,0.0
2021-01-28,0,0,108,0,110,0,0.0,0.0
2021-01-29,0,0,96,0,95,0,0.0,0.0
2021-01-31,0,0,18,0,0,0,0.0,0.0
2021-02-01,0,0,100,0,83,0,0.0,0.0
2021-02-02,0,0,100,0,120,0,0.0,0.0
2021-02-03,0,0,99,0,33,0,0.0,0.0
2021-02-04,0,0,123,0,131,0,0.0,0.0
2021-02-05,0,0,57,0,152,0,0.0,0.0
2021-02-07,0,0,17,0,0,0,0.0,0.0
2021-02-08,0,0,125,0,133,0,0.0,0.0
2021-02-09,0,0,110,0,81,0,0.0,0.0
2021-02-10,0,0,121,0,128,0,0.0,0.0
2021-02-11,0,0,26,0,132,0,0.0,0.0
2021-02-12,0,0,132,0,98,0,0.0,0.0
2021-02-14,0,0,11,0,0,0,0.0,0.0
2021-02-15,0,0,129,0,89,0,0.0,0.0
2021-02-16,0,0,125,0,140,0,0.0,0.0
2021-02-17,0,0,97,0,122,0,0.0,0.0
2021-02-18,0,0,101,0,75,0,0.0,0.0
2021-02-19,0,0,97,0,150,0,0.0,0.0
2021-02-21,0,0,14,0,0,0,0.0,0.0
2021-02-22,0,0,103,0,142,0,0.0,0.0
2021-02-23,0,0,110,0,132,0,0.0,0.0
2021-02-24,0,0,113,0,109,0,0.0,0.0
2021-02-25,0,0,108,0,131,0,0.0,0.0
2021-02-26,0,0,84,0,148,0,0.0,0.0
2021-02-28,0,0,6,0,0,0,0.0,0.0
2021-03-01,0,0,91,0,142,0,0.0,0.0
2021-03-02,0,0,117,0,121,0,0.0,0.0
2021-03-03,0,0,120,0,141,0,0.0,0.0
2021-03-04,0,0,109,0,156,0,0.0,0.0
2021-03-05,0,0,89,0,105,0,0.0,0.0
2021-03-07,0,0,13,0,0,0,0.0,0.0
2021-03-08,0,0,96,0,140,0,0.0,0.0
2021-03-09,0,0,120,0,137,0,0.0,0.0
2021-03-10,0,0,109,0,100,0,0.0,0.0
2021-03-11,0,0,109,0,105,0,0.0,0.0
2021-03-12,0,0,96,0,53,0,0.0,0.0
2021-03-14,0,0,18,0,4,0,0.0,0.0
2021-03-15,0,0,100,0,109,0,0.0,0.0
2021-03-16,0,0,104,0,74,0,0.0,0.0
2021-03-17,0,0,112,0,143,0,0.0,0.0
2021-03-18,0,0,94,0,143,0,0.0,0.0
2021-03-19,0,0,93,0,63,0,0.0,0.0
2021-03-21,0,0,9,0,12,0,0.0,0.0
2021-03-22,0,0,28,0,77,0,0.0,0.0
2021-03-23,0,0,105,0,115,0,0.0,0.0
2021-03-24,0,0,107,0,77,0,0.0,0.0
2021-03-25,0,0,120,0,109,0,0.0,0.0
2021-03-26,0,0,96,0,137,0,0.0,0.0
2021-03-28,0,0,16,0,12,0,0.0,0.0
2021-03-29,0,0,111,0,125,0,0.0,0.0
2021-03-30,0,0,110,0,69,0,0.0,0.0
2021-03-31,0,0,117,0,91,0,0.0,0.0
2021-04-01,0,0,106,0,109,0,0.0,0.0
2021-04-02,0,0,91,0,56,0,0.0,0.0
2021-04-04,0,0,12,0,0,0,0.0,0.0
2021-04-05,0,0,73,0,122,0,0.0,0.0
2021-04-06,0,0,104,0,73,0,0.0,0.0
2021-04-07,0,0,98,0,70,0,0.0,0.0
2021-04-08,0,0,99,0,141,0,0.0,0.0
2021-04-09,0,0,72,0,118,0,0.0,0.0
2021-04-11,0,0,23,0,7,0,0.0,0.0
2021-04-12,0,0,142,0,116,0,0.0,0.0
2021-04-13,0,0,126,0,128,0,0.0,0.0
2021-04-14,0,0,109,0,93,0,0.0,0.0
2021-04-15,0,0,103,0,117,0,0.0,0.0
2021-04-16,0,0,118,0,105,0,0.0,0.0
2021-04-18,0,0,17,0,12,0,0.0,0.0
2021-04-19,0,0,106,0,37,0,0.0,0.0
2021-04-20,0,0,112,0,130,0,0.0,0.0
2021-04-21,0,0,147,0,116,0,0.0,0.0
2021-04-22,0,0,121,0,119,0,0.0,0.0
2021-04-23,0,0,86,0,113,0,0.0,0.0
2021-04-25,0,0,17,0,12,0,0.0,0.0
2021-04-26,0,0,148,0,92,0,0.0,0.0
2021-04-27,0,0,115,0,137,0,0.0,0.0
2021-04-28,0,0,121,0,104,0,0.0,0.0
2021-04-29,0,0,108,0,102,0,0.0,0.0
2021-04-30,0,0,101,0,128,0,0.0,0.0
2021-05-02,0,0,2,0,11,0,0.0,0.0
2021-05-03,0,0,111,0,154,0,0.0,0.0
2021-05-04,0,0,122,0,131,0,0.0,0.0
2021-05-05,0,0,127,0,93,0,0.0,0.0
2021-05-06,0,0,129,0,136,0,0.0,0.0
2021-05-07,0,0,92,0,42,0,0.0,0.0
2021-05-09,0,0,0,0,0,0,0.0,0.0
2021-05-10,0,0,102,0,108,0,0.0,0.0
2021-05-11,0,0,108,0,115,0,0.0,0.0
2021-05-12,0,0,102,0,147,0,0.0,0.0
2021-05-13,0,0,98,0,80,0,0.0,0.0
2021-05-14,0,0,109,0,43,0,0.0,0.0
2021-05-16,0,0,19,0,12,0,0.0,0.0
2021-05-17,0,0,85,0,63,0,0.0,0.0
2021-05-18,0,0,119,0,57,0,0.0,0.0
2021-05-19,0,0,115,0,120,0,0.0,0.0
2021-05-20,0,0,145,0,108,0,0.0,0.0
2021-05-21,0,0,107,0,104,0,0.0,0.0
2021-05-23,0,0,4,0,12,0,0.0,0.0
2021-05-24,0,0,131,0,109,0,0.0,0.0
2021-05-25,0,0,111,0,113,0,0.0,0.0
2021-05-26,0,0,96,0,126,0,0.0,0.0
2021-05-27,0,0,120,0,143,0,0.0,0.0
2021-05-28,0,0,106,0,119,0,0.0,0.0
2021-05-30,0,0,12,0,11,0,0.0,0.0
2021-05-31,0,0,170,0,79,0,0.0,0.0
2021-06-01,0,0,112,0,105,0,0.0,0.0
2021-06-02,0,0,147,0,117,0,0.0,0.0
2021-06-03,0,0,111,0,151,0,0.0,0.0
2021-06-04,0,0,111,0,120,0,0.0,0.0
2021-06-06,0,0,17,0,12,0,0.0,0.0
2021-06-07,0,0,70,0,28,0,0.0,0.0
2021-06-08,0,0,150,0,103,0,0.0,0.0
2021-06-09,0,0,127,0,116,0,0.0,0.0
2021-06-10,0,0,116,0,138,0,0.0,0.0
2021-06-11,0,0,114,0,78,0,0.0,0.0
2021-06-13,0,0,3,0,0,0,0.0,0.0
2021-06-14,0,0,134,0,95,0,0.0,0.0
2021-06-15,0,0,107,0,62,0,0.0,0.0
2021-06-16,0,0,115,0,109,0,0.0,0.0
2021-06-17,0,0,101,0,145,0,0.0,0.0
2021-06-18,0,0,95,0,137,0,0.0,0.0
2021-06-20,0,0,0,0,12,0,0.0,0.0
2021-06-21,0,0,107,0,125,0,0.0,0.0
2021-06-22,0,0,101,0,83,0,0.0,0.0
2021-06-23,0,0,117,0,125,0,0.0,0.0
2021-06-24,0,0,107,0,122,0,0.0,0.0
2021-06-25,0,0,96,0,119,0,0.0,0.0
2021-06-27,0,0,0,0,12,0,0.0,0.0
2021-06-28,0,0,128,0,118,0,0.0,0.0
2021-06-29,0,0,143,0,108,0,0.0,0.0
2021-06-30,0,0,125,0,99,0,0.0,0.0
2021-07-01,0,0,120,0,124,0,0.0,0.0
2021-07-02,0,0,105,0,74,0,0.0,0.0
2021-07-04,0,0,19,0,12,0,0.0,0.0
2021-07-05,0,0,112,0,51,0,0.0,0.0
2021-07-06,0,0,120,0,126,0,0.0,0.0
2021-07-07,0,0,107,0,67,0,0.0,0.0
2021-07-08,0,0,115,0,129,0,0.0,0.0
2021-07-09,0,0,96,0,136,0,0.0,0.0
2021-07-11,0,0,10,0,10,0,0.0,0.0
2021-07-12,0,0,70,0,117,0,0.0,0.0
2021-07-13,0,0,134,0,99,0,0.0,0.0
2021-07-14,0,0,148,0,101,0,0.0,0.0
2021-07-15,0,0,125,0,90,0,0.0,0.0
2021-07-16,0,0,110,0,116,0,0.0,0.0
2021-07-18,0,0,14,0,12,0,0.0,0.0
2021-07-19,0,0,113,0,96,0,0.0,0.0
2021-07-20,0,0,110,0,149,0,0.0,0.0
2021-07-21,0,0,95,0,59,0,0.0,0.0
2021-07-22,0,0,103,0,70,0,0.0,0.0
2021-07-23,0,0,110,0,65,0,0.0,0.0
2021-07-25,0,0,4,0,0,0,0.0,0.0
2021-07-26,0,0,114,0,62,0,0.0,0.0
2021-07-27,0,0,111,0,116,0,0.0,0.0
2021-07-28,0,0,132,0,108,0,0.0,0.0
2021-07-29,0,0,112,0,107,0,0.0,0.0
2021-07-30,0,0,101,0,75,0,0.0,0.0
2021-08-01,0,0,4,0,12,0,0.0,0.0
2021-08-02,0,0,46,0,134,0,0.0,0.0
2021-08-03,0,0,150,0,105,0,0.0,0.0
2021-08-04,0,0,102,0,108,0,0.0,0.0
2021-08-05,0,0,119,0,127,0,0.0,0.0
2021-08-06,0,0,133,0,107,0,0.0,0.0
2021-08-08,0,0,7,0,11,0,0.0,0.0
2021-08-09,0,0,98,0,120,0,0.0,0.0
2021-08-10,0,0,127,0,89,0,0.0,0.0
2021-08-11,0,0,135,0,73,0,0.0,0.0
2021-08-12,0,0,155,0,92,0,0.0,0.0
2021-08-13,0,0,91,0,104,0,0.0,0.0
2021-08-15,0,0,1,0,12,0,0.0,0.0
2021-08-16,0,0,112,0,52,0,0.0,0.0
2021-08-17,0,0,127,0,81,0,0.0,0.0
2021-08-18,0,0,94,0,118,0,0.0,0.0
2021-08-19,0,0,105,0,45,0,0.0,0.0
2021-08-20,0,0,88,0,54,0,0.0,0.0
2021-08-22,0,0,18,0,12,0,0.0,0.0
2021-08-23,0,0,146,0,71,0,0.0,0.0
2021-08-24,0,0,128,0,127,0,0.0,0.0
2021-08-25,0,0,111,0,115,0,0.0,0.0
2021-08-26,0,0,110,0,131,0,0.0,0.0
2021-08-27,0,0,113,0,100,0,0.0,0.0
2021-08-29,0,0,6,0,12,0,0.0,0.0
2021-08-30,0,0,148,0,45,0,0.0,0.0
2021-08-31,0,0,121,0,126,0,0.0,0.0
2021-09-01,0,0,105,0,73,0,0.0,0.0
2021-09-02,0,0,171,0,64,0,0.0,0.0
2021-09-03,0,0,146,0,89,0,0.0,0.0
2021-09-05,0,0,4,0,7,0,0.0,0.0
2021-09-06,0,0,140,0,28,0,0.0,0.0
2021-09-07,0,0,129,0,88,0,0.0,0.0
2021-09-08,0,0,106,0,64,0,0.0,0.0
2021-09-09,0,0,119,0,92,0,0.0,0.0
2021-09-10,0,0,104,0,50,0,0.0,0.0
2021-09-12,0,0,3,0,7,0,0.0,0.0
2021-09-13,0,0,166,0,53,0,0.0,0.0
2021-09-14,0,0,141,0,106,0,0.0,0.0
2021-09-15,0,0,116,0,89,0,0.0,0.0
2021-09-16,0,0,106,0,79,0,0.0,0.0
2021-09-17,0,0,128,0,108,0,0.0,0.0
2021-09-19,0,0,1,0,12,0,0.0,0.0
2021-09-20,0,0,100,0,128,0,0.0,0.0
2021-09-21,0,0,146,0,78,0,0.0,0.0
2021-09-22,0,0,110,0,115,0,0.0,0.0
2021-09-23,0,0,131,0,114,0,0.0,0.0
2021-09-24,0,0,134,0,75,0,0.0,0.0
2021-09-26,0,0,0,0,12,0,0.0,0.0
2021-09-27,0,0,114,0,121,0,0.0,0.0
2021-09-28,0,0,112,0,95,0,0.0,0.0
2021-09-29,0,0,126,0,123,0,0.0,0.0
2021-09-30,0,0,109,0,153,0,0.0,0.0
2021-10-01,0,0,90,0,58,0,0.0,0.0
2021-10-03,0,0,0,0,12,0,0.0,0.0
2021-10-04,0,0,85,0,148,0,0.0,0.0
2021-10-05,0,0,114,0,151,0,0.0,0.0
2021-10-06,0,0,116,0,94,0,0.0,0.0
2021-10-07,0,0,126,0,111,0,0.0,0.0
2021-10-08,0,0,106,0,135,0,0.0,0.0
2021-10-10,0,0,3,0,12,0,0.0,0.0
2021-10-11,0,0,105,0,123,0,0.0,0.0
2021-10-12,0,0,97,0,45,0,0.0,0.0
2021-10-13,0,0,112,0,124,0,0.0,0.0
2021-10-14,0,0,126,0,118,0,0.0,0.0
2021-10-15,0,0,99,0,139,0,0.0,0.0
2021-10-17,0,0,2,0,12,0,0.0,0.0
2021-10-18,0,0,72,0,37,0,0.0,0.0
2021-10-19,0,0,130,0,93,0,0.0,0.0
2021-10-20,0,0,112,0,60,0,0.0,0.0
2021-10-21,0,0,107,0,100,0,0.0,0.0
2021-10-22,0,0,97,0,126,0,0.0,0.0
2021-10-24,0,0,15,0,12,0,0.0,0.0
2021-10-25,0,0,107,0,113,0,0.0,0.0
2021-10-26,0,0,111,0,96,0,0.0,0.0
2021-10-27,0,0,105,0,120,0,0.0,0.0
2021-10-28,0,0,98,0,97,0,0.0,0.0
2021-10-29,0,0,96,0,105,0,0.0,0.0
2021-10-31,0,0,7,0,12,0,0.0,0.0
2021-11-01,0,0,93,0,128,0,0.0,0.0
2021-11-02,0,0,97,0,133,0,0.0,0.0
2021-11-03,0,0,111,0,132,0,0.0,0.0
2021-11-04,0,0,114,0,152,0,0.0,0.0
2021-11-05,0,0,92,0,109,0,0.0,0.0
2021-11-07,0,0,19,0,0,0,0.0,0.0
2021-11-08,0,0,123,0,140,0,0.0,0.0
2021-11-09,0,0,113,0,131,0,0.0,0.0
2021-11-10,0,0,94,0,154,0,0.0,0.0
2021-11-11,0,0,123,0,102,0,0.0,0.0
2021-11-12,0,0,98,0,127,0,0.0,0.0
2021-11-14,0,0,17,0,0,0,0.0,0.0
2021-11-15,0,0,103,0,136,0,0.0,0.0
2021-11-16,0,0,114,0,136,0,0.0,0.0
2021-11-17,0,0,104,0,150,0,0.0,0.0
2021-11-18,0,0,63,0,69,0,0.0,0.0
2021-11-19,0,0,98,0,135,0,0.0,0.0
2021-11-21,0,0,18,0,0,0,0.0,0.0
2021-11-22,0,0,100,0,120,0,0.0,0.0
2021-11-23,0,0,101,0,81,0,0.0,0.0
2021-11-24,0,0,91,0,151,0,0.0,0.0
2021-11-25,0,0,105,0,42,0,0.0,0.0
2021-11-26,0,0,96,0,107,0,0.0,0.0
2021-11-28,0,0,11,0,0,0,0.0,0.0
2021-11-29,0,0,58,0,80,0,0.0,0.0
2021-11-30,0,0,111,0,155,0,0.0,0.0
2021-12-01,0,0,109,0,122,0,0.0,0.0
2021-12-02,0,0,112,0,135,0,0.0,0.0
2021-12-03,0,0,74,0,152,0,0.0,0.0
2021-12-05,0,0,14,0,0,0,0.0,0.0
2021-12-06,0,0,114,0,133,0,0.0,0.0
2021-12-07,0,0,104,0,60,0,0.0,0.0
2021-12-08,0,0,87,0,140,0,0.0,0.0
2021-12-09,0,0,108,0,133,0,0.0,0.0
2021-12-10,0,0,102,0,148,0,0.0,0.0
2021-12-12,0,0,17,0,0,0,0.0,0.0
2021-12-13,0,0,111,0,138,0,0.0,0.0
2021-12-14,0,0,119,0,129,0,0.0,0.0
2021-12-15,0,0,105,0,123,0,0.0,0.0
2021-12-16,0,0,117,0,130,0,0.0,0.0
2021-12-17,0,0,93,0,156,0,0.0,0.0
2021-12-19,0,0,11,0,0,0,0.0,0.0
2021-12-20,0,0,93,0,125,0,0.0,0.0
2021-12-21,0,0,121,0,120,0,0.0,0.0
2021-12-22,0,0,79,0,78,0,0.0,0.0
2021-12-23,0,0,144,0,94,0,0.0,0.0
2021-12-24,0,0,210,0,6,0,0.0,0.0
2021-12-26,0,0,2,0,0,0,0.0,0.0
2021-12-27,0,0,112,0,112,0,0.0,0.0
2021-12-28,0,0,126,0,119,0,0.0,0.0
2021-12-29,0,0,127,0,75,0,0.0,0.0
2021-12-30,0,0,132,0,61,0,0.0,0.0
2021-12-31,0,0,103,0,116,0,0.0,0.0
2022-01-02,0,0,18,0,0,0,0.0,0.0
2022-01-03,0,0,118,0,146,0,0.0,0.0
2022-01-04,0,0,115,0,152,0,0.0,0.0
2022-01-05,0,0,115,0,125,0,0.0,0.0
2022-01-06,0,0,115,0,91,0,0.0,0.0
2022-01-07,0,0,96,0,157,0,0.0,0.0
2022-01-09,0,0,6,0,0,0,0.0,0.0
2022-01-10,0,0,105,0,132,0,0.0,0.0
2022-01-11,0,0,119,0,139,0,0.0,0.0
2022-01-12,0,0,107,0,141,0,0.0,0.0
2022-01-13,0,0,100,0,138,0,0.0,0.0
2022-01-14,0,0,96,0,145,0,0.0,0.0
2022-01-16,0,0,18,0,0,0,0.0,0.0
2022-01-17,0,0,141,0,72,0,0.0,0.0
2022-01-18,0,0,101,0,136,0,0.0,0.0
2022-01-19,0,0,123,0,131,0,0.0,0.0
2022-01-20,0,0,108,0,143,0,0.0,0.0
2022-01-21,0,0,97,0,133,0,0.0,0.0
2022-01-23,0,0,16,0,0,0,0.0,0.0
2022-01-24,0,0,114,0,103,0,0.0,0.0
2022-01-25,0,0,107,0,153,0,0.0,0.0
2022-01-26,0,0,99,0,145,0,0.0,0.0
2022-01-27,0,0,103,0,115,0,0.0,0.0
2022-01-28,0,0,94,0,111,0,0.0,0.0
2022-01-30,0,0,17,0,0,0,0.0,0.0
2022-01-31,0,0,112,0,123,0,0.0,0.0
2022-02-01,0,0,114,0,112,0,0.0,0.0
2022-02-02,0,0,114,0,140,0,0.0,0.0
2022-02-03,0,0,95,0,108,0,0.0,0.0
2022-02-04,0,0,91,0,155,0,0.0,0.0
2022-02-06,0,0,3,0,0,0,0.0,0.0
2022-02-07,0,0,61,0,150,0,0.0,0.0
2022-02-08,0,0,111,0,139,0,0.0,0.0
2022-02-09,0,0,119,0,89,0,0.0,0.0
2022-02-10,0,0,114,0,155,0,0.0,0.0
2022-02-11,0,0,88,0,77,0,0.0,0.0
2022-02-13,0,0,18,0,0,0,0.0,0.0
2022-02-14,0,0,70,0,139,0,0.0,0.0
2022-02-15,0,0,106,0,108,0,0.0,0.0
2022-02-16,0,0,108,0,107,0,0.0,0.0
2022-02-17,0,0,103,0,61,0,0.0,0.0
2022-02-18,0,0,108,0,61,0,0.0,0.0
2022-02-20,0,0,17,0,0,0,0.0,0.0
2022-02-21,0,0,126,0,115,0,0.0,0.0
2022-02-22,0,0,107,0,126,0,0.0,0.0
2022-02-23,0,0,96,0,117,0,0.0,0.0
2022-02-24,0,0,113,0,104,0,0.0,0.0
2022-02-25,0,0,98,0,131,0,0.0,0.0
2022-02-27,0,0,0,0,0,0,0.0,0.0
2022-02-28,0,0,18,0,128,0,0.0,0.0
2022-03-01,0,0,108,0,87,0,0.0,0.0
2022-03-02,0,0,104,0,137,0,0.0,0.0
2022-03-03,0,0,118,0,112,0,0.0,0.0
2022-03-04,0,0,95,0,140,0,0.0,0.0
2022-03-06,0,0,2,0,0,0,0.0,0.0
2022-03-07,0,0,55,0,138,0,0.0,0.0
2022-03-08,0,0,106,0,128,0,0.0,0.0
2022-03-09,0,0,116,0,77,0,0.0,0.0
2022-03-10,0,0,120,0,136,0,0.0,0.0
2022-03-11,0,0,96,0,153,0,0.0,0.0
2022-03-13,0,0,19,0,12,0,0.0,0.0
2022-03-14,0,0,96,0,96,0,0.0,0.0
2022-03-15,0,0,109,0,96,0,0.0,0.0
2022-03-16,0,0,117,0,93,0,0.0,0.0
2022-03-17,0,0,65,0,139,0,0.0,0.0
2022-03-18,0,0,98,0,103,0,0.0,0.0
2022-03-20,0,0,12,0,12,0,0.0,0.0
2022-03-21,0,0,42,0,113,0,0.0,0.0
2022-03-22,0,0,111,0,135,0,0.0,0.0
2022-03-23,0,0,100,0,110,0,0.0,0.0
2022-03-24,0,0,94,0,114,0,0.0,0.0
2022-03-25,0,0,96,0,35,0,0.0,0.0
2022-03-27,0,0,17,0,0,0,0.0,0.0
2022-03-28,0,0,110,0,125,0,0.0,0.0
2022-03-29,0,0,105,0,63,0,0.0,0.0
2022-03-30,0,0,105,0,51,0,0.0,0.0
2022-03-31,0,0,104,0,65,0,0.0,0.0
2022-04-01,0,0,96,0,119,0,0.0,0.0
2022-04-03,0,0,2,0,12,0,0.0,0.0
2022-04-04,0,0,46,0,124,0,0.0,0.0
2022-04-05,0,0,103,0,114,0,0.0,0.0
2022-04-06,0,0,98,0,124,0,0.0,0.0
2022-04-07,0,0,107,0,38,0,0.0,0.0
2022-04-08,0,0,90,0,77,0,0.0,0.0
2022-04-10,0,0,15,0,12,0,0.0,0.0
2022-04-11,0,0,112,0,104,0,0.0,0.0
2022-04-12,0,0,98,0,122,0,0.0,0.0
2022-04-13,0,0,107,0,108,0,0.0,0.0
2022-04-14,0,0,124,0,119,0,0.0,0.0
2022-04-15,0,0,120,0,65,0,0.0,0.0
2022-04-17,0,0,1,0,10,0,0.0,0.0
2022-04-18,0,0,51,0,123,0,0.0,0.0
2022-04-19,0,0,110,0,106,0,0.0,0.0
2022-04-20,0,0,80,0,126,0,0.0,0.0
2022-04-21,0,0,82,0,113,0,0.0,0.0
2022-04-22,0,0,91,0,139,0,0.0,0.0
2022-04-24,0,0,1,0,3,0,0.0,0.0
2022-04-25,0,0,83,0,103,0,0.0,0.0
2022-04-26,0,0,92,0,115,0,0.0,0.0
2022-04-27,0,0,108,0,117,0,0.0,0.0
2022-04-28,0,0,102,0,113,0,0.0,0.0
2022-04-29,0,0,96,0,133,0,0.0,0.0
2022-05-01,0,0,2,0,12,0,0.0,0.0
2022-05-02,0,0,63,0,149,0,0.0,0.0
2022-05-03,0,0,97,0,131,0,0.0,0.0
2022-05-04,0,0,62,0,116,0,0.0,0.0
2022-05-05,0,0,64,0,129,0,0.0,0.0
2022-05-06,0,0,96,0,89,0,0.0,0.0
2022-05-08,0,0,0,0,0,0,0.0,0.0
2022-05-09,0,0,101,0,126,0,0.0,0.0
2022-05-10,0,0,73,0,138,0,0.0,0.0
2022-05-11,0,0,50,0,154,0,0.0,0.0
2022-05-12,0,0,97,0,85,0,0.0,0.0
2022-05-13,0,0,90,0,134,0,0.0,0.0
2022-05-15,0,0,12,0,11,0,0.0,0.0
2022-05-16,0,0,97,0,30,0,0.0,0.0
2022-05-17,0,0,126,0,127,0,0.0,0.0
2022-05-18,0,0,106,0,156,0,0.0,0.0
2022-05-19,0,0,95,0,149,0,0.0,0.0
2022-05-20,0,0,78,0,87,0,0.0,0.0
2022-05-22,0,0,0,0,2,0,0.0,0.0
2022-05-23,0,0,93,0,96,0,0.0,0.0
2022-05-24,0,0,103,0,117,0,0.0,0.0
2022-05-25,0,0,115,0,103,0,0.0,0.0
2022-05-26,0,0,117,0,89,0,0.0,0.0
2022-05-27,0,0,94,0,117,0,0.0,0.0
2022-05-29,0,0,16,0,8,0,0.0,0.0
2022-05-30,0,0,148,0,95,0,0.0,0.0
2022-05-31,0,0,114,0,74,0,0.0,0.0
2022-06-01,0,0,108,0,137,0,0.0,0.0
2022-06-02,0,0,119,0,134,0,0.0,0.0
2022-06-03,0,0,81,0,123,0,0.0,0.0
2022-06-05,0,0,10,0,12,0,0.0,0.0
2022-06-06,0,0,107,0,125,0,0.0,0.0
2022-06-07,0,0,115,0,108,0,0.0,0.0
2022-06-08,0,0,115,0,124,0,0.0,0.0
2022-06-09,0,0,86,0,133,0,0.0,0.0
2022-06-10,0,0,105,0,108,0,0.0,0.0
2022-06-12,0,0,9,0,12,0,0.0,0.0
2022-06-13,0,0,102,0,109,0,0.0,0.0
2022-06-14,0,0,111,0,121,0,0.0,0.0
2022-06-15,0,0,117,0,138,0,0.0,0.0
2022-06-16,0,0,106,0,136,0,0.0,0.0
2022-06-17,0,0,96,0,140,0,0.0,0.0
2022-06-19,0,0,8,0,12,0,0.0,0.0
2022-06-20,0,0,91,0,54,0,0.0,0.0
2022-06-21,0,0,90,0,116,0,0.0,0.0
2022-06-22,0,0,109,0,107,0,0.0,0.0
2022-06-23,0,0,110,0,74,0,0.0,0.0
2022-06-24,0,0,96,0,120,0,0.0,0.0
2022-06-26,0,0,11,0,1,0,0.0,0.0
2022-06-27,0,0,99,0,104,0,0.0,0.0
2022-06-28,0,0,103,0,68,0,0.0,0.0
2022-06-29,0,0,99,0,72,0,0.0,0.0
2022-06-30,0,0,76,0,127,0,0.0,0.0
2022-07-01,0,0,96,0,74,0,0.0,0.0
2022-07-03,0,0,12,0,0,0,0.0,0.0
2022-07-04,0,0,131,0,86,0,0.0,0.0
2022-07-05,0,0,113,0,65,0,0.0,0.0
2022-07-06,0,0,112,0,121,0,0.0,0.0
2022-07-07,0,0,121,0,117,0,0.0,0.0
2022-07-08,0,0,98,0,125,0,0.0,0.0
2022-07-10,0,0,19,0,12,0,0.0,0.0
2022-07-11,0,0,108,0,148,0,0.0,0.0
2022-07-12,0,0,105,0,121,0,0.0,0.0
2022-07-13,0,0,112,0,112,0,0.0,0.0
2022-07-14,0,0,106,0,133,0,0.0,0.0
2022-07-15,0,0,84,0,104,0,0.0,0.0
2022-07-17,0,0,13,0,10,0,0.0,0.0
2022-07-18,0,0,115,0,153,0,0.0,0.0
2022-07-19,0,0,109,0,122,0,0.0,0.0
2022-07-20,0,0,113,0,135,0,0.0,0.0
2022-07-21,0,0,112,0,147,0,0.0,0.0
2022-07-22,0,0,83,0,138,0,0.0,0.0
2022-07-24,0,0,13,0,12,0,0.0,0.0
2022-07-25,0,0,96,0,123,0,0.0,0.0
2022-07-26,0,0,107,0,127,0,0.0,0.0
2022-07-27,0,0,103,0,133,0,0.0,0.0
2022-07-28,0,0,104,0,72,0,0.0,0.0
2022-07-29,0,0,72,0,136,0,0.0,0.0
2022-07-31,0,0,13,0,12,0,0.0,0.0
2022-08-01,0,0,115,0,118,0,0.0,0.0
2022-08-02,0,0,106,0,113,0,0.0,0.0
2022-08-03,0,0,76,0,141,0,0.0,0.0
2022-08-04,0,0,110,0,135,0,0.0,0.0
2022-08-05,0,0,93,0,126,0,0.0,0.0
2022-08-07,0,0,10,0,6,0,0.0,0.0
2022-08-08,0,0,59,0,121,0,0.0,0.0
2022-08-09,0,0,104,0,71,0,0.0,0.0
2022-08-10,0,0,103,0,122,0,0.0,0.0
2022-08-11,0,0,93,0,126,0,0.0,0.0
2022-08-12,0,0,96,0,103,0,0.0,0.0
2022-08-14,0,0,12,0,11,0,0.0,0.0
2022-08-15,0,0,111,0,134,0,0.0,0.0
2022-08-16,0,0,106,0,147,0,0.0,0.0
2022-08-17,0,0,103,0,98,0,0.0,0.0
2022-08-18,0,0,122,0,105,0,0.0,0.0
2022-08-19,0,0,96,0,73,0,0.0,0.0
2022-08-21,0,0,10,0,0,0,0.0,0.0
2022-08-22,0,0,109,0,143,0,0.0,0.0
2022-08-23,0,0,119,0,141,0,0.0,0.0
2022-08-24,0,0,104,0,62,0,0.0,0.0
2022-08-25,0,0,109,0,96,0,0.0,0.0
2022-08-26,0,0,96,0,135,0,0.0,0.0
2022-08-28,0,0,13,0,12,0,0.0,0.0
2022-08-29,0,0,100,0,155,0,0.0,0.0
2022-08-30,0,0,109,0,109,0,0.0,0.0
2022-08-31,0,0,107,0,95,0,0.0,0.0
2022-09-01,0,0,110,0,111,0,0.0,0.0
2022-09-02,0,0,95,0,49,0,0.0,0.0
2022-09-04,0,0,17,0,0,0,0.0,0.0
2022-09-05,0,0,100,0,78,0,0.0,0.0
2022-09-06,0,0,107,0,140,0,0.0,0.0
2022-09-07,0,0,113,0,142,0,0.0,0.0
2022-09-08,0,0,85,0,42,0,0.0,0.0
2022-09-09,0,0,95,0,107,0,0.0,0.0
2022-09-11,0,0,14,0,4,0,0.0,0.0
2022-09-12,0,0,99,0,98,0,0.0,0.0
2022-09-13,0,0,85,0,64,0,0.0,0.0
2022-09-14,0,0,100,0,73,0,0.0,0.0
2022-09-15,0,0,89,0,70,0,0.0,0.0
2022-09-16,0,0,73,0,133,0,0.0,0.0
2022-09-18,0,0,16,0,11,0,0.0,0.0
2022-09-19,0,0,114,0,91,0,0.0,0.0
2022-09-20,0,0,107,0,22,0,0.0,0.0
2022-09-21,0,0,130,0,115,0,0.0,0.0
2022-09-22,0,0,97,0,134,0,0.0,0.0
2022-09-23,0,0,92,0,141,0,0.0,0.0
2022-09-25,0,0,8,0,12,0,0.0,0.0
2022-09-26,0,0,109,0,148,0,0.0,0.0
2022-09-27,0,0,105,0,125,0,0.0,0.0
2022-09-28,0,0,109,0,128,0,0.0,0.0
2022-09-29,0,0,98,0,86,0,0.0,0.0
2022-09-30,0,0,86,0,124,0,0.0,0.0
2022-10-02,0,0,16,0,9,0,0.0,0.0
2022-10-03,0,0,114,0,145,0,0.0,0.0
2022-10-04,0,0,108,0,141,0,0.0,0.0
2022-10-05,0,0,78,0,92,0,0.0,0.0
2022-10-06,0,0,74,0,140,0,0.0,0.0
2022-10-07,0,0,73,0,103,0,0.0,0.0
2022-10-09,0,0,9,0,6,0,0.0,0.0
2022-10-10,0,0,102,0,121,0,0.0,0.0
2022-10-11,0,0,102,0,113,0,0.0,0.0
2022-10-12,0,0,116,0,124,0,0.0,0.0
2022-10-13,0,0,64,0,37,0,0.0,0.0
2022-10-14,0,0,90,0,140,0,0.0,0.0
2022-10-16,0,0,6,0,12,0,0.0,0.0
2022-10-17,0,0,64,0,112,0,0.0,0.0
2022-10-18,0,0,114,0,131,0,0.0,0.0
2022-10-19,0,0,106,0,101,0,0.0,0.0
2022-10-20,0,0,107,0,124,0,0.0,0.0
2022-10-21,0,0,96,0,130,0,0.0,0.0
2022-10-23,0,0,14,0,11,0,0.0,0.0
2022-10-24,0,0,31,0,150,0,0.0,0.0
2022-10-25,0,0,28,0,126,0,0.0,0.0
2022-10-26,0,0,42,0,119,0,0.0,0.0
2022-10-27,0,0,90,0,84,0,0.0,0.0
2022-10-28,0,0,77,0,71,0,0.0,0.0
2022-10-30,0,0,3,0,6,0,0.0,0.0
2022-10-31,0,0,113,0,113,0,0.0,0.0
2022-11-01,0,0,111,0,138,0,0.0,0.0
2022-11-02,0,0,114,0,72,0,0.0,0.0
2022-11-03,0,0,102,0,81,0,0.0,0.0
2022-11-04,0,0,56,0,59,0,0.0,0.0
2022-11-06,0,0,0,0,0,0,0.0,0.0
2022-11-07,0,0,67,0,81,0,0.0,0.0
2022-11-08,0,0,111,0,140,0,0.0,0.0
2022-11-09,0,0,104,0,86,0,0.0,0.0
2022-11-10,0,0,114,0,152,0,0.0,0.0
2022-11-11,0,0,96,0,132,0,0.0,0.0
2022-11-13,0,0,0,0,0,0,0.0,0.0
2022-11-14,0,0,34,0,137,0,0.0,0.0
2022-11-15,0,0,109,0,110,0,0.0,0.0
2022-11-16,0,0,112,0,73,0,0.0,0.0
2022-11-17,0,0,98,0,105,0,0.0,0.0
2022-11-18,0,0,96,0,90,0,0.0,0.0
2022-11-20,0,0,15,0,0,0,0.0,0.0
2022-11-21,0,0,95,0,137,0,0.0,0.0
2022-11-22,0,0,113,0,118,0,0.0,0.0
2022-11-23,0,0,108,0,141,0,0.0,0.0
2022-11-24,0,0,110,0,134,0,0.0,0.0
2022-11-25,0,0,98,0,138,0,0.0,0.0
2022-11-27,0,0,10,0,0,0,0.0,0.0
2022-11-28,0,0,102,0,118,0,0.0,0.0
2022-11-29,0,0,108,0,122,0,0.0,0.0
2022-11-30,0,0,98,0,140,0,0.0,0.0
2022-12-01,0,0,115,0,124,0,0.0,0.0
2022-12-02,0,0,103,0,150,0,0.0,0.0
2022-12-04,0,0,2,0,0,0,0.0,0.0
2022-12-05,0,0,62,0,157,0,0.0,0.0
2022-12-06,0,0,106,0,145,0,0.0,0.0
2022-12-07,0,0,105,0,109,0,0.0,0.0
2022-12-08,0,0,105,0,75,0,0.0,0.0
2022-12-09,0,0,96,0,148,0,0.0,0.0
2022-12-11,0,0,17,0,0,0,0.0,0.0
2022-12-12,0,0,97,0,104,0,0.0,0.0
2022-12-13,0,0,93,0,124,0,0.0,0.0
2022-12-14,0,0,108,0,120,0,0.0,0.0
2022-12-15,0,0,114,0,151,0,0.0,0.0
2022-12-16,0,0,96,0,122,0,0.0,0.0
2022-12-18,0,0,12,0,0,0,0.0,0.0
2022-12-19,0,0,32,0,142,0,0.0,0.0
2022-12-20,0,0,109,0,121,0,0.0,0.0
2022-12-21,0,0,96,0,141,0,0.0,0.0
2022-12-22,0,0,110,0,126,0,0.0,0.0
2022-12-23,0,0,95,0,107,0,0.0,0.0
2022-12-25,0,0,11,0,0,0,0.0,0.0
2022-12-26,0,0,191,0,72,0,0.0,0.0
2022-12-27,0,0,82,0,126,0,0.0,0.0
2022-12-28,0,0,115,0,133,0,0.0,0.0
2022-12-29,0,0,109,0,120,0,0.0,0.0
2022-12-30,0,0,96,0,96,0,0.0,0.0
2023-01-01,0,0,8,0,0,0,0.0,0.0
2023-01-02,0,0,62,0,93,0,0.0,0.0
2023-01-03,0,0,114,0,66,0,0.0,0.0
2023-01-04,0,0,111,0,151,0,0.0,0.0
2023-01-05,0,0,103,0,51,0,0.0,0.0
2023-01-06,0,0,96,0,130,0,0.0,0.0
2023-01-08,0,0,17,0,0,0,0.0,0.0
2023-01-09,0,0,100,0,119,0,0.0,0.0
2023-01-10,0,0,72,0,107,0,0.0,0.0
2023-01-11,0,0,103,0,110,0,0.0,0.0
2023-01-12,0,0,107,0,147,0,0.0,0.0
2023-01-13,0,0,82,0,126,0,0.0,0.0
2023-01-15,0,0,15,0,0,0,0.0,0.0
2023-01-16,0,0,114,0,47,0,0.0,0.0
2023-01-17,0,0,115,0,132,0,0.0,0.0
2023-01-18,0,0,101,0,91,0,0.0,0.0
2023-01-19,0,0,99,0,81,0,0.0,0.0
2023-01-20,0,0,96,0,156,0,0.0,0.0
2023-01-22,0,0,16,0,0,0,0.0,0.0
2023-01-23,0,0,108,0,148,0,0.0,0.0
2023-01-24,0,0,110,0,152,0,0.0,0.0
2023-01-25,0,0,110,0,143,0,0.0,0.0
2023-01-26,0,0,110,0,142,0,0.0,0.0
2023-01-27,0,0,96,0,46,0,0.0,0.0
2023-01-29,0,0,6,0,0,0,0.0,0.0
2023-01-30,0,0,112,0,137,0,0.0,0.0
2023-01-31,0,0,113,0,144,0,0.0,0.0
2023-02-01,0,0,110,0,148,0,0.0,0.0
2023-02-02,0,0,110,0,120,0,0.0,0.0
2023-02-03,0,0,89,0,144,0,0.0,0.0
2023-02-05,0,0,4,0,0,0,0.0,0.0
2023-02-06,0,0,17,0,141,0,0.0,0.0
2023-02-07,0,0,92,0,126,0,0.0,0.0
2023-02-08,0,0,91,0,107,0,0.0,0.0
2023-02-09,0,0,99,0,134,0,0.0,0.0
2023-02-10,0,0,94,0,139,0,0.0,0.0
2023-02-12,0,0,13,0,0,0,0.0,0.0
2023-02-13,0,0,104,0,100,0,0.0,0.0
2023-02-14,0,0,110,0,132,0,0.0,0.0
2023-02-15,0,0,105,0,134,0,0.0,0.0
2023-02-16,0,0,105,0,114,0,0.0,0.0
2023-02-17,0,0,96,0,130,0,0.0,0.0
2023-02-19,0,0,15,0,0,0,0.0,0.0
2023-02-20,0,0,137,0,49,0,0.0,0.0
2023-02-21,0,0,106,0,85,0,0.0,0.0
2023-02-22,0,0,106,0,144,0,0.0,0.0
2023-02-23,0,0,99,0,133,0,0.0,0.0
2023-02-24,0,0,74,0,153,0,0.0,0.0
2023-02-26,0,0,12,0,0,0,0.0,0.0
2023-02-27,0,0,98,0,140,0,0.0,0.0
2023-02-28,0,0,98,0,108,0,0.0,0.0
2023-03-01,0,0,112,0,155,0,0.0,0.0
2023-03-02,0,0,98,0,90,0,0.0,0.0
2023-03-03,0,0,58,0,123,0,0.0,0.0
2023-03-05,0,0,16,0,0,0,0.0,0.0
2023-03-06,0,0,111,0,97,0,0.0,0.0
2023-03-07,0,0,109,0,139,0,0.0,0.0
2023-03-08,0,0,107,0,73,0,0.0,0.0
2023-03-09,0,0,111,0,129,0,0.0,0.0
2023-03-10,0,0,96,0,157,0,0.0,0.0
2023-03-12,0,0,4,0,12,0,0.0,0.0
2023-03-13,0,0,27,0,147,0,0.0,0.0
2023-03-14,0,0,108,0,76,0,0.0,0.0
2023-03-15,0,0,104,0,145,0,0.0,0.0
2023-03-16,0,0,108,0,98,0,0.0,0.0
2023-03-17,0,0,96,0,96,0,0.0,0.0
2023-03-19,0,0,18,0,12,0,0.0,0.0
2023-03-20,0,0,81,0,78,0,0.0,0.0
2023-03-21,0,0,96,0,136,0,0.0,0.0
2023-03-22,0,0,94,0,122,0,0.0,0.0
2023-03-23,0,0,108,0,135,0,0.0,0.0
2023-03-24,0,0,95,0,116,0,0.0,0.0
2023-03-26,0,0,3,0,12,0,0.0,0.0
2023-03-27,0,0,64,0,121,0,0.0,0.0
2023-03-28,0,0,111,0,105,0,0.0,0.0
2023-03-29,0,0,114,0,145,0,0.0,0.0
2023-03-30,0,0,112,0,141,0,0.0,0.0
2023-03-31,0,0,96,0,110,0,0.0,0.0
2023-04-02,0,0,1,0,12,0,0.0,0.0
2023-04-03,0,0,100,0,147,0,0.0,0.0
2023-04-04,0,0,110,0,148,0,0.0,0.0
2023-04-05,0,0,97,0,108,0,0.0,0.0
2023-04-06,0,0,95,0,88,0,0.0,0.0
2023-04-07,0,0,70,0,59,0,0.0,0.0
2023-04-09,0,0,5,0,0,0,0.0,0.0
2023-04-10,0,0,101,0,141,0,0.0,0.0
2023-04-11,0,0,115,0,124,0,0.0,0.0
2023-04-12,0,0,108,0,134,0,0.0,0.0
2023-04-13,0,0,49,0,117,0,0.0,0.0
2023-04-14,0,0,93,0,143,0,0.0,0.0
2023-04-16,0,0,17,0,10,0,0.0,0.0
2023-04-17,0,0,83,0,123,0,0.0,0.0
2023-04-18,0,0,91,0,137,0,0.0,0.0
2023-04-19,0,0,95,0,135,0,0.0,0.0
2023-04-20,0,0,80,0,90,0,0.0,0.0
2023-04-21,0,0,95,0,141,0,0.0,0.0
2023-04-23,0,0,17,0,12,0,0.0,0.0
2023-04-24,0,0,91,0,141,0,0.0,0.0
2023-04-25,0,0,88,0,111,0,0.0,0.0
2023-04-26,0,0,108,0,96,0,0.0,0.0
2023-04-27,0,0,78,0,56,0,0.0,0.0
2023-04-28,0,0,88,0,131,0,0.0,0.0
2023-04-30,0,0,11,0,12,0,0.0,0.0
2023-05-01,0,0,107,0,136,0,0.0,0.0
2023-05-02,0,0,104,0,139,0,0.0,0.0
2023-05-03,0,0,96,0,110,0,0.0,0.0
2023-05-04,0,0,40,0,141,0,0.0,0.0
2023-05-05,0,0,96,0,66,0,0.0,0.0
2023-05-07,0,0,18,0,0,0,0.0,0.0
2023-05-08,0,0,89,0,132,0,0.0,0.0
2023-05-09,0,0,95,0,83,0,0.0,0.0
2023-05-10,0,0,101,0,71,0,0.0,0.0
2023-05-11,0,0,104,0,141,0,0.0,0.0
2023-05-12,0,0,84,0,106,0,0.0,0.0
2023-05-14,0,0,6,0,12,0,0.0,0.0
2023-05-15,0,0,97,0,69,0,0.0,0.0
2023-05-16,0,0,109,0,141,0,0.0,0.0
2023-05-17,0,0,98,0,127,0,0.0,0.0
2023-05-18,0,0,93,0,107,0,0.0,0.0
2023-05-19,0,0,96,0,127,0,0.0,0.0
2023-05-21,0,0,19,0,12,0,0.0,0.0
2023-05-22,0,0,82,0,113,0,0.0,0.0
2023-05-23,0,0,103,0,37,0,0.0,0.0
2023-05-24,0,0,110,0,138,0,0.0,0.0
2023-05-25,0,0,101,0,133,0,0.0,0.0
2023-05-26,0,0,90,0,127,0,0.0,0.0
2023-05-28,0,0,2,0,12,0,0.0,0.0
2023-05-29,0,0,136,0,125,0,0.0,0.0
2023-05-30,0,0,90,0,73,0,0.0,0.0
2023-05-31,0,0,87,0,130,0,0.0,0.0
2023-06-01,0,0,90,0,144,0,0.0,0.0
2023-06-02,0,0,92,0,136,0,0.0,0.0
2023-06-04,0,0,12,0,12,0,0.0,0.0
2023-06-05,0,0,91,0,107,0,0.0,0.0
2023-06-06,0,0,75,0,83,0,0.0,0.0
2023-06-07,0,0,110,0,154,0,0.0,0.0
2023-06-08,0,0,110,0,137,0,0.0,0.0
2023-06-09,0,0,96,0,90,0,0.0,0.0
2023-06-11,0,0,9,0,4,0,0.0,0.0
2023-06-12,0,0,85,0,156,0,0.0,0.0
2023-06-13,0,0,109,0,116,0,0.0,0.0
2023-06-14,0,0,110,0,126,0,0.0,0.0
2023-06-15,0,0,125,0,121,0,0.0,0.0
2023-06-16,0,0,95,0,139,0,0.0,0.0
2023-06-18,0,0,8,0,12,0,0.0,0.0
2023-06-19,0,0,103,0,105,0,0.0,0.0
2023-06-20,0,0,104,0,154,0,0.0,0.0
2023-06-21,0,0,114,0,132,0,0.0,0.0
2023-06-22,0,0,84,0,140,0,0.0,0.0
2023-06-23,0,0,90,0,143,0,0.0,0.0
2023-06-25,0,0,13,0,11,0,0.0,0.0
2023-06-26,0,0,118,0,115,0,0.0,0.0
2023-06-27,0,0,112,0,121,0,0.0,0.0
2023-06-28,0,0,95,0,86,0,0.0,0.0
2023-06-29,0,0,82,0,48,0,0.0,0.0
2023-06-30,0,0,90,0,129,0,0.0,0.0
2023-07-02,0,0,12,0,12,0,0.0,0.0
2023-07-03,0,0,123,0,103,0,0.0,0.0
2023-07-04,0,0,108,0,125,0,0.0,0.0
2023-07-05,0,0,123,0,114,0,0.0,0.0
2023-07-06,0,0,110,0,88,0,0.0,0.0
2023-07-07,0,0,94,0,133,0,0.0,0.0
2023-07-09,0,0,0,0,10,0,0.0,0.0
2023-07-10,0,0,108,0,132,0,0.0,0.0
2023-07-11,0,0,111,0,105,0,0.0,0.0
2023-07-12,0,0,113,0,125,0,0.0,0.0
2023-07-13,0,0,103,0,137,0,0.0,0.0
2023-07-14,0,0,95,0,112,0,0.0,0.0
2023-07-16,0,0,3,0,11,0,0.0,0.0
2023-07-17,0,0,111,0,131,0,0.0,0.0
2023-07-18,0,0,113,0,131,0,0.0,0.0
2023-07-19,0,0,109,0,112,0,0.0,0.0
2023-07-20,0,0,115,0,143,0,0.0,0.0
2023-07-21,0,0,93,0,97,0,0.0,0.0
2023-07-23,0,0,11,0,12,0,0.0,0.0
2023-07-24,0,0,118,0,148,0,0.0,0.0
2023-07-25,0,0,82,0,113,0,0.0,0.0
2023-07-26,0,0,107,0,141,0,0.0,0.0
2023-07-27,0,0,99,0,139,0,0.0,0.0
2023-07-28,0,0,49,0,122,0,0.0,0.0
2023-07-30,0,0,16,0,12,0,0.0,0.0
2023-07-31,0,0,103,0,96,0,0.0,0.0
2023-08-01,0,0,99,0,125,0,0.0,0.0
2023-08-02,0,0,89,0,130,0,0.0,0.0
2023-08-03,0,0,105,0,94,0,0.0,0.0
2023-08-04,0,0,91,0,123,0,0.0,0.0
2023-08-06,0,0,14,0,12,0,0.0,0.0
2023-08-07,0,0,114,0,114,0,0.0,0.0
2023-08-08,0,0,113,0,104,0,0.0,0.0
2023-08-09,0,0,107,0,140,0,0.0,0.0
2023-08-10,0,0,110,0,120,0,0.0,0.0
2023-08-11,0,0,74,0,80,0,0.0,0.0
2023-08-13,0,0,9,0,11,0,0.0,0.0
2023-08-14,0,0,66,0,119,0,0.0,0.0
2023-08-15,0,0,93,0,75,0,0.0,0.0
2023-08-16,0,0,103,0,123,0,0.0,0.0
2023-08-17,0,0,114,0,132,0,0.0,0.0
2023-08-18,0,0,96,0,127,0,0.0,0.0
2023-08-20,0,0,7,0,12,0,0.0,0.0
2023-08-21,0,0,58,0,118,0,0.0,0.0
2023-08-22,0,0,107,0,139,0,0.0,0.0
2023-08-23,0,0,109,0,147,0,0.0,0.0
2023-08-24,0,0,108,0,85,0,0.0,0.0
2023-08-25,0,0,95,0,126,0,0.0,0.0
2023-08-27,0,0,17,0,11,0,0.0,0.0
2023-08-28,0,0,99,0,60,0,0.0,0.0
2023-08-29,0,0,88,0,155,0,0.0,0.0
2023-08-30,0,0,125,0,109,0,0.0,0.0
2023-08-31,0,0,99,0,121,0,0.0,0.0
2023-09-01,0,0,78,0,107,0,0.0,0.0
2023-09-03,0,0,15,0,11,0,0.0,0.0
2023-09-04,0,0,141,0,42,0,0.0,0.0
2023-09-05,0,0,112,0,152,0,0.0,0.0
2023-09-06,0,0,111,0,138,0,0.0,0.0
2023-09-07,0,0,99,0,58,0,0.0,0.0
2023-09-08,0,0,115,0,99,0,0.0,0.0
2023-09-10,0,0,0,0,12,0,0.0,0.0
2023-09-11,0,0,76,0,92,0,0.0,0.0
2023-09-12,0,0,107,0,82,0,0.0,0.0
2023-09-13,0,0,105,0,70,0,0.0,0.0
2023-09-14,0,0,118,0,79,0,0.0,0.0
2023-09-15,0,0,73,0,54,0,0.0,0.0
2023-09-17,0,0,18,0,12,0,0.0,0.0
2023-09-18,0,0,122,0,114,0,0.0,0.0
2023-09-19,0,0,127,0,113,0,0.0,0.0
2023-09-20,0,0,106,0,155,0,0.0,0.0
2023-09-21,0,0,103,0,138,0,0.0,0.0
2023-09-22,0,0,115,0,92,0,0.0,0.0
2023-09-24,0,0,13,0,7,0,0.0,0.0
2023-09-25,0,0,72,0,130,0,0.0,0.0
2023-09-26,0,0,106,0,89,0,0.0,0.0
2023-09-27,0,0,72,0,139,0,0.0,0.0
2023-09-28,0,0,102,0,89,0,0.0,0.0
2023-09-29,0,0,102,0,131,0,0.0,0.0
2023-10-01,0,0,17,0,12,0,0.0,0.0
2023-10-02,0,0,117,0,123,0,0.0,0.0
2023-10-03,0,0,146,0,110,0,0.0,0.0
2023-10-04,0,0,101,0,127,0,0.0,0.0
2023-10-05,0,0,120,0,126,0,0.0,0.0
2023-10-06,0,0,96,0,70,0,0.0,0.0
2023-10-08,0,0,5,0,12,0,0.0,0.0
2023-10-09,0,0,27,0,125,0,0.0,0.0
2023-10-10,0,0,109,0,134,0,0.0,0.0
2023-10-11,0,0,103,0,115,0,0.0,0.0
2023-10-12,0,0,119,0,100,0,0.0,0.0
2023-10-13,0,0,90,0,77,0,0.0,0.0
2023-10-15,0,0,14,0,11,0,0.0,0.0
2023-10-16,0,0,63,0,92,0,0.0,0.0
2023-10-17,0,0,69,0,67,0,0.0,0.0
2023-10-18,0,0,117,0,139,0,0.0,0.0
2023-10-19,0,0,109,0,65,0,0.0,0.0
2023-10-20,0,0,119,0,63,0,0.0,0.0
2023-10-22,0,0,2,0,12,0,0.0,0.0
2023-10-23,0,0,130,0,102,0,0.0,0.0
2023-10-24,0,0,117,0,104,0,0.0,0.0
2023-10-25,0,0,163,0,43,0,0.0,0.0
2023-10-26,0,0,97,0,132,0,0.0,0.0
2023-10-27,0,0,95,0,126,0,0.0,0.0
2023-10-29,0,0,17,0,12,0,0.0,0.0
2023-10-30,0,0,72,0,142,0,0.0,0.0
2023-10-31,0,0,115,0,146,0,0.0,0.0
2023-11-01,0,0,115,0,146,0,0.0,0.0
2023-11-02,0,0,106,0,146,0,0.0,0.0
2023-11-03,0,0,90,0,67,0,0.0,0.0
2023-11-05,0,0,13,0,0,0,0.0,0.0
2023-11-06,0,0,130,0,51,0,0.0,0.0
2023-11-07,0,0,95,0,90,0,0.0,0.0
2023-11-08,0,0,123,0,109,0,0.0,0.0
2023-11-09,0,0,66,0,109,0,0.0,0.0
2023-11-10,0,0,97,0,132,0,0.0,0.0
2023-11-12,0,0,18,0,0,0,0.0,0.0
2023-11-13,0,0,125,0,91,0,0.0,0.0
2023-11-14,0,0,116,0,94,0,0.0,0.0
2023-11-15,0,0,104,0,153,0,0.0,0.0
2023-11-16,0,0,67,0,143,0,0.0,0.0
2023-11-17,0,0,29,0,157,0,0.0,0.0
2023-11-19,0,0,17,0,0,0,0.0,0.0
2023-11-20,0,0,101,0,86,0,0.0,0.0
2023-11-21,0,0,109,0,142,0,0.0,0.0
2023-11-22,0,0,109,0,125,0,0.0,0.0
2023-11-23,0,0,126,0,84,0,0.0,0.0
2023-11-24,0,0,106,0,71,0,0.0,0.0
2023-11-26,0,0,12,0,0,0,0.0,0.0
2023-11-27,0,0,106,0,103,0,0.0,0.0
2023-11-28,0,0,113,0,117,0,0.0,0.0
2023-11-29,0,0,112,0,141,0,0.0,0.0
2023-11-30,0,0,87,0,152,0,0.0,0.0
2023-12-01,0,0,96,0,127,0,0.0,0.0
2023-12-03,0,0,13,0,0,0,0.0,0.0
2023-12-04,0,0,99,0,150,0,0.0,0.0
2023-12-05,0,0,82,0,151,0,0.0,0.0
2023-12-06,0,0,102,0,90,0,0.0,0.0
2023-12-07,0,0,127,0,142,0,0.0,0.0
2023-12-08,0,0,106,0,138,0,0.0,0.0
2023-12-10,0,0,6,0,0,0,0.0,0.0
2023-12-11,0,0,109,0,77,0,0.0,0.0
2023-12-12,0,0,110,0,143,0,0.0,0.0
2023-12-13,0,0,119,0,118,0,0.0,0.0
2023-12-14,0,0,110,0,78,0,0.0,0.0
2023-12-15,0,0,93,0,146,0,0.0,0.0
2023-12-17,0,0,18,0,0,0,0.0,0.0
2023-12-18,0,0,109,0,140,0,0.0,0.0
2023-12-19,0,0,115,0,151,0,0.0,0.0
2023-12-20,0,0,106,0,135,0,0.0,0.0
2023-12-21,0,0,101,0,146,0,0.0,0.0
2023-12-22,0,0,98,0,146,0,0.0,0.0
2023-12-24,0,0,0,0,0,0,0.0,0.0
2023-12-25,0,0,91,0,0,0,0.0,0.0
2023-12-26,0,0,82,0,127,0,0.0,0.0
2023-12-27,0,0,104,0,94,0,0.0,0.0
2023-12-28,0,0,106,0,125,0,0.0,0.0
2023-12-29,0,0,82,0,149,0,0.0,0.0
2024-01-01,0,0,12,0,0,0,0.0,0.0
2024-01-02,0,0,110,0,126,0,0.0,0.0
2024-01-03,0,0,89,0,145,0,0.0,0.0
2024-01-04,0,0,110,0,155,0,0.0,0.0
2024-01-05,0,0,96,0,152,0,0.0,0.0
2024-01-07,0,0,12,0,0,0,0.0,0.0
2024-01-08,0,0,64,0,130,0,0.0,0.0
2024-01-09,0,0,112,0,135,0,0.0,0.0
2024-01-10,0,0,102,0,133,0,0.0,0.0
2024-01-11,0,0,133,0,103,0,0.0,0.0
2024-01-12,0,0,96,0,135,0,0.0,0.0
2024-01-14,0,0,16,0,0,0,0.0,0.0
2024-01-15,0,0,149,0,113,0,0.0,0.0
2024-01-16,0,0,114,0,152,0,0.0,0.0
2024-01-17,0,0,96,0,134,0,0.0,0.0
2024-01-18,0,0,97,0,135,0,0.0,0.0
2024-01-19,0,0,95,0,126,0,0.0,0.0
2024-01-21,0,0,1,0,0,0,0.0,0.0
2024-01-22,0,0,69,0,131,0,0.0,0.0
2024-01-23,0,0,91,0,144,0,0.0,0.0
2024-01-24,0,0,107,0,131,0,0.0,0.0
2024-01-25,0,0,108,0,124,0,0.0,0.0
2024-01-26,0,0,71,0,141,0,0.0,0.0
2024-01-28,0,0,15,0,0,0,0.0,0.0
2024-01-29,0,0,110,0,112,0,0.0,0.0
2024-01-30,0,0,112,0,92,0,0.0,0.0
2024-01-31,0,0,106,0,156,0,0.0,0.0
2024-02-01,0,0,99,0,133,0,0.0,0.0
2024-02-02,0,0,33,0,146,0,0.0,0.0
2024-02-04,0,0,12,0,0,0,0.0,0.0
2024-02-05,0,0,61,0,101,0,0.0,0.0
2024-02-06,0,0,114,0,136,0,0.0,0.0
2024-02-07,0,0,99,0,90,0,0.0,0.0
2024-02-08,0,0,101,0,128,0,0.0,0.0
2024-02-09,0,0,92,0,118,0,0.0,0.0
2024-02-11,0,0,12,0,0,0,0.0,0.0
2024-02-12,0,0,88,0,124,0,0.0,0.0
2024-02-13,0,0,124,0,121,0,0.0,0.0
2024-02-14,0,0,111,0,111,0,0.0,0.0
2024-02-15,0,0,108,0,83,0,0.0,0.0
2024-02-16,0,0,97,0,114,0,0.0,0.0
2024-02-18,0,0,3,0,0,0,0.0,0.0
2024-02-19,0,0,174,0,35,0,0.0,0.0
2024-02-20,0,0,106,0,152,0,0.0,0.0
2024-02-21,0,0,105,0,133,0,0.0,0.0
2024-02-22,0,0,101,0,147,0,0.0,0.0
2024-02-23,0,0,89,0,90,0,0.0,0.0
2024-02-25,0,0,11,0,0,0,0.0,0.0
2024-02-26,0,0,51,0,126,0,0.0,0.0
2024-02-27,0,0,109,0,134,0,0.0,0.0
2024-02-28,0,0,110,0,78,0,0.0,0.0
2024-02-29,0,0,110,0,151,0,0.0,0.0
2024-03-01,0,0,112,0,122,0,0.0,0.0
2024-03-03,0,0,15,0,0,0,0.0,0.0
2024-03-04,0,0,103,0,53,0,0.0,0.0
2024-03-05,0,0,78,0,102,0,0.0,0.0
2024-03-06,0,0,102,0,147,0,0.0,0.0
2024-03-07,0,0,118,0,122,0,0.0,0.0
2024-03-08,0,0,88,0,76,0,0.0,0.0
2024-03-10,0,0,12,0,5,0,0.0,0.0
2024-03-11,0,0,77,0,120,0,0.0,0.0
2024-03-12,0,0,101,0,31,0,0.0,0.0
2024-03-13,0,0,99,0,150,0,0.0,0.0
2024-03-14,0,0,117,0,126,0,0.0,0.0
2024-03-15,0,0,102,0,99,0,0.0,0.0
2024-03-17,0,0,1,0,12,0,0.0,0.0
2024-03-18,0,0,119,0,89,0,0.0,0.0
2024-03-19,0,0,133,0,117,0,0.0,0.0
2024-03-20,0,0,129,0,131,0,0.0,0.0
2024-03-21,0,0,125,0,116,0,0.0,0.0
2024-03-22,0,0,106,0,117,0,0.0,0.0
2024-03-24,0,0,14,0,11,0,0.0,0.0
2024-03-25,0,0,126,0,103,0,0.0,0.0
2024-03-26,0,0,107,0,114,0,0.0,0.0
2024-03-27,0,0,122,0,105,0,0.0,0.0
2024-03-28,0,0,94,0,57,0,0.0,0.0
2024-03-29,0,0,128,0,49,0,0.0,0.0
2024-03-31,0,0,17,0,5,0,0.0,0.0
2024-04-01,0,0,165,0,79,0,0.0,0.0
2024-04-02,0,0,133,0,63,0,0.0,0.0
2024-04-03,0,0,131,0,102,0,0.0,0.0
2024-04-04,0,0,118,0,70,0,0.0,0.0
2024-04-05,0,0,84,0,75,0,0.0,0.0
2024-04-07,0,0,0,0,12,0,0.0,0.0
2024-04-08,0,0,143,0,55,0,0.0,0.0
2024-04-09,0,0,149,0,85,0,0.0,0.0
2024-04-10,0,0,111,0,96,0,0.0,0.0
2024-04-11,0,0,88,0,132,0,0.0,0.0
2024-04-12,0,0,76,0,128,0,0.0,0.0
2024-04-14,0,0,11,0,12,0,0.0,0.0
2024-04-15,0,0,98,0,26,0,0.0,0.0
2024-04-16,0,0,98,0,107,0,0.0,0.0
2024-04-17,0,0,97,0,106,0,0.0,0.0
2024-04-18,0,0,125,0,118,0,0.0,0.0
2024-04-19,0,0,113,0,51,0,0.0,0.0
2024-04-21,0,0,0,0,7,0,0.0,0.0
2024-04-22,0,0,173,0,32,0,0.0,0.0
2024-04-23,0,0,123,0,83,0,0.0,0.0
2024-04-24,0,0,124,0,107,0,0.0,0.0
2024-04-25,0,0,103,0,41,0,0.0,0.0
2024-04-26,0,0,87,0,117,0,0.0,0.0
2024-04-28,0,0,0,0,12,0,0.0,0.0
2024-04-29,0,0,89,0,122,0,0.0,0.0
2024-04-30,0,0,101,0,104,0,0.0,0.0
2024-05-01,0,0,126,0,80,0,0.0,0.0
2024-05-02,0,0,108,0,152,0,0.0,0.0
2024-05-03,0,0,96,0,139,0,0.0,0.0
2024-05-05,0,0,18,0,12,0,0.0,0.0
2024-05-06,0,0,123,0,134,0,0.0,0.0
2024-05-07,0,0,112,0,147,0,0.0,0.0
2024-05-08,0,0,132,0,75,0,0.0,0.0
2024-05-09,0,0,103,0,128,0,0.0,0.0
2024-05-10,0,0,107,0,65,0,0.0,0.0
2024-05-12,0,0,18,0,1,0,0.0,0.0
2024-05-13,0,0,162,0,58,0,0.0,0.0
2024-05-14,0,0,112,0,21,0,0.0,0.0
2024-05-15,0,0,97,0,148,0,0.0,0.0
2024-05-16,0,0,112,0,65,0,0.0,0.0
2024-05-17,0,0,99,0,105,0,0.0,0.0
2024-05-19,0,0,19,0,12,0,0.0,0.0
2024-05-20,0,0,128,0,92,0,0.0,0.0
2024-05-21,0,0,113,0,74,0,0.0,0.0
2024-05-22,0,0,103,0,88,0,0.0,0.0
2024-05-23,0,0,70,0,137,0,0.0,0.0
2024-05-24,0,0,138,0,91,0,0.0,0.0
2024-05-26,0,0,2,0,12,0,0.0,0.0
2024-05-27,0,0,132,0,67,0,0.0,0.0
2024-05-28,0,0,107,0,140,0,0.0,0.0
2024-05-29,0,0,137,0,96,0,0.0,0.0
2024-05-30,0,0,133,0,93,0,0.0,0.0
2024-05-31,0,0,80,0,116,0,0.0,0.0
2024-06-02,0,0,5,0,12,0,0.0,0.0
2024-06-03,0,0,73,0,148,0,0.0,0.0
2024-06-04,0,0,112,0,138,0,0.0,0.0
2024-06-05,0,0,110,0,79,0,0.0,0.0
2024-06-06,0,0,105,0,150,0,0.0,0.0
2024-06-07,0,0,95,0,70,0,0.0,0.0
2024-06-09,0,0,1,0,2,0,0.0,0.0
2024-06-10,0,0,118,0,72,0,0.0,0.0
2024-06-11,0,0,114,0,141,0,0.0,0.0
2024-06-12,0,0,139,0,101,0,0.0,0.0
2024-06-13,0,0,113,0,95,0,0.0,0.0
2024-06-14,0,0,96,0,71,0,0.0,0.0
2024-06-16,0,0,16,0,5,0,0.0,0.0
2024-06-17,0,0,46,0,108,0,0.0,0.0
2024-06-18,0,0,86,0,44,0,0.0,0.0
2024-06-19,0,0,130,0,80,0,0.0,0.0
2024-06-20,0,0,116,0,113,0,0.0,0.0
2024-06-21,0,0,86,0,135,0,0.0,0.0
2024-06-23,0,0,13,0,12,0,0.0,0.0
2024-06-24,0,0,62,0,141,0,0.0,0.0
2024-06-25,0,0,120,0,73,0,0.0,0.0
2024-06-26,0,0,118,0,139,0,0.0,0.0
2024-06-27,0,0,148,0,108,0,0.0,0.0
2024-06-28,0,0,95,0,136,0,0.0,0.0
2024-06-30,0,0,7,0,12,0,0.0,0.0
2024-07-01,0,0,77,0,133,0,0.0,0.0
2024-07-02,0,0,136,0,91,0,0.0,0.0
2024-07-03,0,0,128,0,88,0,0.0,0.0
2024-07-04,0,0,110,0,117,0,0.0,0.0
2024-07-05,0,0,111,0,84,0,0.0,0.0
2024-07-07,0,0,7,0,10,0,0.0,0.0
2024-07-08,0,0,115,0,118,0,0.0,0.0
2024-07-09,0,0,134,0,131,0,0.0,0.0
2024-07-10,0,0,134,0,95,0,0.0,0.0
2024-07-11,0,0,119,0,100,0,0.0,0.0
2024-07-12,0,0,40,0,36,0,0.0,0.0
2024-07-14,0,0,16,0,0,0,0.0,0.0
2024-07-15,0,0,56,0,134,0,0.0,0.0
2024-07-16,0,0,105,0,138,0,0.0,0.0
2024-07-17,0,0,96,0,128,0,0.0,0.0
2024-07-18,0,0,105,0,133,0,0.0,0.0
2024-07-19,0,0,101,0,96,0,0.0,0.0
2024-07-21,0,0,16,0,12,0,0.0,0.0
2024-07-22,0,0,86,0,131,0,0.0,0.0
2024-07-23,0,0,113,0,103,0,0.0,0.0
2024-07-24,0,0,101,0,120,0,0.0,0.0
2024-07-25,0,0,111,0,55,0,0.0,0.0
2024-07-26,0,0,96,0,58,0,0.0,0.0
2024-07-28,0,0,16,0,4,0,0.0,0.0
2024-07-29,0,0,110,0,51,0,0.0,0.0
2024-07-30,0,0,106,0,105,0,0.0,0.0
2024-07-31,0,0,107,0,105,0,0.0,0.0
2024-08-01,0,0,102,0,139,0,0.0,0.0
2024-08-02,0,0,72,0,124,0,0.0,0.0
2024-08-04,0,0,9,0,12,0,0.0,0.0
2024-08-05,0,0,113,0,149,0,0.0,0.0
2024-08-06,0,0,98,0,80,0,0.0,0.0
2024-08-07,0,0,106,0,147,0,0.0,0.0
2024-08-08,0,0,88,0,68,0,0.0,0.0
2024-08-09,0,0,89,0,39,0,0.0,0.0
2024-08-11,0,0,13,0,7,0,0.0,0.0
2024-08-12,0,0,65,0,122,0,0.0,0.0
2024-08-13,0,0,111,0,99,0,0.0,0.0
2024-08-14,0,0,112,0,103,0,0.0,0.0
2024-08-15,0,0,88,0,44,0,0.0,0.0
2024-08-16,0,0,84,0,109,0,0.0,0.0
2024-08-18,0,0,12,0,12,0,0.0,0.0
2024-08-19,0,0,100,0,80,0,0.0,0.0
2024-08-20,0,0,109,0,115,0,0.0,0.0
2024-08-21,0,0,104,0,129,0,0.0,0.0
2024-08-22,0,0,103,0,148,0,0.0,0.0
2024-08-23,0,0,95,0,145,0,0.0,0.0
2024-08-25,0,0,16,0,12,0,0.0,0.0
2024-08-26,0,0,103,0,147,0,0.0,0.0
2024-08-27,0,0,98,0,146,0,0.0,0.0
2024-08-28,0,0,105,0,138,0,0.0,0.0
2024-08-29,0,0,94,0,121,0,0.0,0.0
2024-08-30,0,0,77,0,135,0,0.0,0.0
2024-09-01,0,0,19,0,11,0,0.0,0.0
2024-09-02,0,0,91,0,86,0,0.0,0.0
2024-09-03,0,0,115,0,56,0,0.0,0.0
2024-09-04,0,0,89,0,126,0,0.0,0.0
2024-09-05,0,0,101,0,144,0,0.0,0.0
2024-09-06,0,0,96,0,135,0,0.0,0.0
2024-09-08,0,0,10,0,12,0,0.0,0.0
2024-09-09,0,0,108,0,112,0,0.0,0.0
2024-09-10,0,0,100,0,150,0,0.0,0.0
2024-09-11,0,0,114,0,70,0,0.0,0.0
2024-09-12,0,0,108,0,108,0,0.0,0.0
2024-09-13,0,0,96,0,72,0,0.0,0.0
2024-09-15,0,0,11,0,10,0,0.0,0.0
2024-09-16,0,0,81,0,137,0,0.0,0.0
2024-09-17,0,0,107,0,135,0,0.0,0.0
2024-09-18,0,0,115,0,119,0,0.0,0.0
2024-09-19,0,0,113,0,137,0,0.0,0.0
2024-09-20,0,0,96,0,119,0,0.0,0.0
2024-09-22,0,0,10,0,2,0,0.0,0.0
2024-09-23,0,0,103,0,120,0,0.0,0.0
2024-09-24,0,0,102,0,146,0,0.0,0.0
2024-09-25,0,0,103,0,140,0,0.0,0.0
2024-09-26,0,0,107,0,136,0,0.0,0.0
2024-09-27,0,0,96,0,76,0,0.0,0.0
2024-09-29,0,0,19,0,9,0,0.0,0.0
2024-09-30,0,0,77,0,147,0,0.0,0.0
2024-10-01,0,0,112,0,144,0,0.0,0.0
2024-10-02,0,0,102,0,157,0,0.0,0.0
2024-10-03,0,0,95,0,130,0,0.0,0.0
2024-10-04,0,0,94,0,112,0,0.0,0.0
2024-10-06,0,0,0,0,1,0,0.0,0.0
2024-10-07,0,0,115,0,50,0,0.0,0.0
2024-10-08,0,0,105,0,154,0,0.0,0.0
2024-10-09,0,0,92,0,140,0,0.0,0.0
2024-10-10,0,0,76,0,81,0,0.0,0.0
2024-10-11,0,0,92,0,80,0,0.0,0.0
2024-10-13,0,0,17,0,9,0,0.0,0.0
2024-10-14,0,0,66,0,97,0,0.0,0.0
2024-10-15,0,0,110,0,101,0,0.0,0.0
2024-10-16,0,0,108,0,125,0,0.0,0.0
2024-10-17,0,0,112,0,143,0,0.0,0.0
2024-10-18,0,0,96,0,135,0,0.0,0.0
2024-10-20,0,0,6,0,12,0,0.0,0.0
2024-10-21,0,0,105,0,153,0,0.0,0.0
2024-10-22,0,0,103,0,112,0,0.0,0.0
2024-10-23,0,0,103,0,123,0,0.0,0.0
2024-10-24,0,0,111,0,145,0,0.0,0.0
2024-10-25,0,0,90,0,94,0,0.0,0.0
2024-10-27,0,0,0,0,12,0,0.0,0.0
2024-10-28,0,0,101,0,150,0,0.0,0.0
2024-10-29,0,0,118,0,153,0,0.0,0.0
2024-10-30,0,0,69,0,86,0,0.0,0.0
2024-10-31,0,0,111,0,152,0,0.0,0.0
2024-11-01,0,0,94,0,126,0,0.0,0.0
2024-11-03,0,0,4,0,0,0,0.0,0.0
2024-11-04,0,0,122,0,114,0,0.0,0.0
2024-11-05,0,0,113,0,143,0,0.0,0.0
2024-11-06,0,0,108,0,107,0,0.0,0.0
2024-11-07,0,0,105,0,117,0,0.0,0.0
2024-11-08,0,0,82,0,99,0,0.0,0.0
2024-11-10,0,0,18,0,0,0,0.0,0.0
2024-11-11,0,0,119,0,42,0,0.0,0.0
2024-11-12,0,0,109,0,155,0,0.0,0.0
2024-11-13,0,0,99,0,153,0,0.0,0.0
2024-11-14,0,0,113,0,120,0,0.0,0.0
2024-11-15,0,0,96,0,149,0,0.0,0.0
2024-11-17,0,0,16,0,0,0,0.0,0.0
2024-11-18,0,0,96,0,146,0,0.0,0.0
2024-11-19,0,0,110,0,151,0,0.0,0.0
2024-11-20,0,0,108,0,138,0,0.0,0.0
2024-11-21,0,0,108,0,102,0,0.0,0.0
2024-11-22,0,0,78,0,153,0,0.0,0.0
2024-11-24,0,0,4,0,0,0,0.0,0.0
2024-11-25,0,0,84,0,97,0,0.0,0.0
2024-11-26,0,0,105,0,86,0,0.0,0.0
2024-11-27,0,0,113,0,130,0,0.0,0.0
2024-11-28,0,0,140,0,106,0,0.0,0.0
2024-11-29,0,0,96,0,119,0,0.0,0.0
2024-12-01,0,0,16,0,0,0,0.0,0.0
2024-12-02,0,0,111,0,143,0,0.0,0.0
2024-12-03,0,0,113,0,115,0,0.0,0.0
2024-12-04,0,0,112,0,146,0,0.0,0.0
2024-12-05,0,0,115,0,153,0,0.0,0.0
2024-12-06,0,0,82,0,157,0,0.0,0.0
2024-12-08,0,0,0,0,0,0,0.0,0.0
2024-12-09,0,0,52,0,118,0,0.0,0.0
2024-12-10,0,0,90,0,116,0,0.0,0.0
2024-12-11,0,0,108,0,137,0,0.0,0.0
2024-12-12,0,0,83,0,116,0,0.0,0.0
2024-12-13,0,0,101,0,152,0,0.0,0.0
2024-12-15,0,0,15,0,0,0,0.0,0.0
2024-12-16,0,0,97,0,142,0,0.0,0.0
2024-12-17,0,0,94,0,156,0,0.0,0.0
2024-12-18,0,0,77,0,131,0,0.0,0.0
2024-12-19,0,0,113,0,153,0,0.0,0.0
2024-12-20,0,0,95,0,139,0,0.0,0.0
2024-12-22,0,0,13,0,0,0,0.0,0.0
2024-12-23,0,0,96,0,92,0,0.0,0.0
2024-12-24,0,0,81,0,99,0,0.0,0.0
2024-12-25,0,0,119,0,0,0,0.0,0.0
2024-12-26,0,0,128,0,137,0,0.0,0.0
2024-12-27,0,0,99,0,105,0,0.0,0.0
2024-12-29,0,0,12,0,0,0,0.0,0.0
2024-12-30,0,0,108,0,140,0,0.0,0.0
2024-12-31,0,0,96,0,146,0,0.0,0.0
2025-01-01,0,0,19,0,0,0,0.0,0.0
2025-01-02,0,0,99,0,138,0,0.0,0.0
2025-01-03,0,0,96,0,79,0,0.0,0.0
2025-01-05,0,0,18,0,0,0,0.0,0.0
2025-01-06,0,0,114,0,128,0,0.0,0.0
2025-01-07,0,0,109,0,131,0,0.0,0.0
2025-01-08,0,0,106,0,50,0,0.0,0.0
2025-01-09,0,0,125,0,108,0,0.0,0.0
2025-01-10,0,0,89,0,154,0,0.0,0.0
2025-01-12,0,0,14,0,0,0,0.0,0.0
2025-01-13,0,0,103,0,152,0,0.0,0.0
2025-01-14,0,0,95,0,143,0,0.0,0.0
2025-01-15,0,0,78,0,124,0,0.0,0.0
2025-01-16,0,0,111,0,140,0,0.0,0.0
2025-01-17,0,0,96,0,144,0,0.0,0.0
2025-01-19,0,0,19,0,0,0,0.0,0.0
2025-01-20,0,0,118,0,142,0,0.0,0.0
2025-01-21,0,0,102,0,150,0,0.0,0.0
2025-01-22,0,0,109,0,139,0,0.0,0.0
2025-01-23,0,0,108,0,128,0,0.0,0.0
2025-01-24,0,0,96,0,137,0,0.0,0.0
2025-01-26,0,0,13,0,0,0,0.0,0.0
2025-01-27,0,0,111,0,109,0,0.0,0.0
2025-01-28,0,0,120,0,135,0,0.0,0.0
2025-01-29,0,0,105,0,130,0,0.0,0.0
2025-01-30,0,0,106,0,124,0,0.0,0.0
2025-01-31,0,0,81,0,109,0,0.0,0.0
2025-02-02,0,0,13,0,0,0,0.0,0.0
2025-02-03,0,0,114,0,139,0,0.0,0.0
2025-02-04,0,0,115,0,142,0,0.0,0.0
2025-02-05,0,0,106,0,146,0,0.0,0.0
2025-02-06,0,0,104,0,138,0,0.0,0.0
2025-02-07,0,0,103,0,131,0,0.0,0.0
2025-02-09,0,0,19,0,0,0,0.0,0.0
2025-02-10,0,0,102,0,87,0,0.0,0.0
2025-02-11,0,0,80,0,115,0,0.0,0.0
2025-02-12,0,0,111,0,124,0,0.0,0.0
2025-02-13,0,0,106,0,157,0,0.0,0.0
2025-02-14,0,0,85,0,108,0,0.0,0.0
2025-02-16,0,0,13,0,0,0,0.0,0.0
2025-02-17,0,0,145,0,111,0,0.0,0.0
2025-02-18,0,0,107,0,139,0,0.0,0.0
2025-02-19,0,0,113,0,124,0,0.0,0.0
2025-02-20,0,0,103,0,126,0,0.0,0.0
2025-02-21,0,0,95,0,115,0,0.0,0.0
2025-02-23,0,0,11,0,0,0,0.0,0.0
2025-02-24,0,0,104,0,97,0,0.0,0.0
2025-02-25,0,0,91,0,154,0,0.0,0.0
2025-02-26,0,0,111,0,118,0,0.0,0.0
2025-02-27,0,0,108,0,157,0,0.0,0.0
2025-02-28,0,0,91,0,119,0,0.0,0.0
2025-03-02,0,0,16,0,0,0,0.0,0.0
2025-03-03,0,0,111,0,148,0,0.0,0.0
2025-03-04,0,0,105,0,140,0,0.0,0.0
2025-03-05,0,0,93,0,129,0,0.0,0.0
2025-03-06,0,0,102,0,146,0,0.0,0.0
2025-03-07,0,0,69,0,143,0,0.0,0.0
2025-03-09,0,0,13,0,10,0,0.0,0.0
2025-03-10,0,0,46,0,153,0,0.0,0.0
2025-03-11,0,0,81,0,142,0,0.0,0.0
2025-03-12,0,0,112,0,142,0,0.0,0.0
2025-03-13,0,0,99,0,151,0,0.0,0.0
2025-03-14,0,0,94,0,92,0,0.0,0.0
2025-03-16,0,0,17,0,12,0,0.0,0.0
2025-03-17,0,0,108,0,137,0,0.0,0.0
2025-03-18,0,0,116,0,150,0,0.0,0.0
2025-03-19,0,0,110,0,143,0,0.0,0.0
2025-03-20,0,0,111,0,125,0,0.0,0.0
2025-03-21,0,0,96,0,126,0,0.0,0.0
2025-03-23,0,0,8,0,12,0,0.0,0.0
2025-03-24,0,0,101,0,148,0,0.0,0.0
2025-03-25,0,0,105,0,106,0,0.0,0.0
2025-03-26,0,0,101,0,127,0,0.0,0.0
2025-03-27,0,0,98,0,131,0,0.0,0.0
2025-03-28,0,0,95,0,137,0,0.0,0.0
2025-03-30,0,0,18,0,12,0,0.0,0.0
2025-03-31,0,0,109,0,137,0,0.0,0.0
2025-04-01,0,0,81,0,131,0,0.0,0.0
2025-04-02,0,0,59,0,127,0,0.0,0.0
2025-04-03,0,0,102,0,135,0,0.0,0.0
2025-04-04,0,0,66,0,127,0,0.0,0.0
2025-04-06,0,0,6,0,0,0,0.0,0.0
2025-04-07,0,0,79,0,144,0,0.0,0.0
2025-04-08,0,0,109,0,132,0,0.0,0.0
2025-04-09,0,0,107,0,149,0,0.0,0.0
2025-04-10,0,0,101,0,150,0,0.0,0.0
2025-04-11,0,0,96,0,108,0,0.0,0.0
2025-04-13,0,0,9,0,12,0,0.0,0.0
2025-04-14,0,0,106,0,139,0,0.0,0.0
2025-04-15,0,0,66,0,146,0,0.0,0.0
2025-04-16,0,0,102,0,64,0,0.0,0.0
2025-04-17,0,0,110,0,153,0,0.0,0.0
2025-04-18,0,0,110,0,65,0,0.0,0.0
2025-04-20,0,0,12,0,12,0,0.0,0.0
2025-04-21,0,0,104,0,79,0,0.0,0.0
2025-04-22,0,0,100,0,125,0,0.0,0.0
2025-04-23,0,0,105,0,140,0,0.0,0.0
2025-04-24,0,0,100,0,134,0,0.0,0.0
2025-04-25,0,0,96,0,77,0,0.0,0.0
2025-04-27,0,0,17,0,0,0,0.0,0.0
2025-04-28,0,0,77,0,150,0,0.0,0.0
2025-04-29,0,0,98,0,96,0,0.0,0.0
2025-04-30,0,0,92,0,137,0,0.0,0.0
2025-05-01,0,0,101,0,119,0,0.0,0.0
2025-05-02,0,0,85,0,122,0,0.0,0.0
2025-05-04,0,0,10,0,12,0,0.0,0.0
2025-05-05,0,0,111,0,154,0,0.0,0.0
2025-05-06,0,0,95,0,104,0,0.0,0.0
2025-05-07,0,0,41,0,91,0,0.0,0.0
2025-05-08,0,0,110,0,155,0,0.0,0.0
2025-05-09,0,0,93,0,57,0,0.0,0.0
2025-05-11,0,0,17,0,12,0,0.0,0.0
2025-05-12,0,0,59,0,126,0,0.0,0.0
2025-05-13,0,0,101,0,104,0,0.0,0.0
2025-05-14,0,0,104,0,139,0,0.0,0.0
2025-05-15,0,0,108,0,62,0,0.0,0.0
2025-05-16,0,0,96,0,130,0,0.0,0.0
2025-05-18,0,0,1,0,12,0,0.0,0.0
2025-05-19,0,0,32,0,65,0,0.0,0.0
2025-05-20,0,0,87,0,143,0,0.0,0.0
2025-05-21,0,0,82,0,96,0,0.0,0.0
2025-05-22,0,0,106,0,155,0,0.0,0.0
2025-05-23,0,0,92,0,78,0,0.0,0.0
2025-05-25,0,0,0,0,12,0,0.0,0.0
2025-05-26,0,0,58,0,113,0,0.0,0.0
2025-05-27,0,0,103,0,150,0,0.0,0.0
2025-05-28,0,0,109,0,120,0,0.0,0.0
2025-05-29,0,0,102,0,131,0,0.0,0.0
2025-05-30,0,0,66,0,76,0,0.0,0.0
2025-06-01,0,0,6,0,0,0,0.0,0.0
2025-06-02,0,0,113,0,105,0,0.0,0.0
2025-06-03,0,0,100,0,142,0,0.0,0.0
2025-06-04,0,0,96,0,150,0,0.0,0.0
2025-06-05,0,0,99,0,131,0,0.0,0.0
2025-06-06,0,0,99,0,98,0,0.0,0.0
2025-06-08,0,0,17,0,0,0,0.0,0.0
2025-06-09,0,0,106,0,136,0,0.0,0.0
2025-06-10,0,0,104,0,117,0,0.0,0.0
2025-06-11,0,0,111,0,127,0,0.0,0.0
2025-06-12,0,0,106,0,141,0,0.0,0.0
2025-06-13,0,0,94,0,138,0,0.0,0.0
2025-06-15,0,0,2,0,8,0,0.0,0.0
2025-06-16,0,0,58,0,134,0,0.0,0.0
2025-06-17,0,0,107,0,128,0,0.0,0.0
2025-06-18,0,0,93,0,143,0,0.0,0.0
2025-06-19,0,0,71,0,113,0,0.0,0.0
2025-06-20,0,0,90,0,133,0,0.0,0.0
2025-06-22,0,0,10,0,12,0,0.0,0.0
2025-06-23,0,0,77,0,149,0,0.0,0.0
2025-06-24,0,0,104,0,106,0,0.0,0.0
2025-06-25,0,0,103,0,153,0,0.0,0.0
2025-06-26,0,0,109,0,80,0,0.0,0.0
2025-06-27,0,0,64,0,75,0,0.0,0.0
2025-06-29,0,0,7,0,8,0,0.0,0.0
2025-06-30,0,0,96,0,132,0,0.0,0.0
2025-07-01,0,0,109,0,148,0,0.0,0.0
2025-07-02,0,0,109,0,89,0,0.0,0.0
2025-07-03,0,0,110,0,61,0,0.0,0.0
2025-07-04,0,0,129,0,44,0,0.0,0.0
2025-07-06,0,0,0,0,11,0,0.0,0.0
2025-07-07,0,0,91,0,149,0,0.0,0.0
2025-07-08,0,0,91,0,109,0,0.0,0.0
2025-07-09,0,0,108,0,129,0,0.0,0.0
2025-07-10,0,0,97,0,130,0,0.0,0.0
2025-07-11,0,0,96,0,125,0,0.0,0.0
2025-07-13,0,0,13,0,12,0,0.0,0.0
2025-07-14,0,0,90,0,108,0,0.0,0.0
2025-07-15,0,0,81,0,149,0,0.0,0.0
2025-07-16,0,0,81,0,131,0,0.0,0.0
2025-07-17,0,0,114,0,53,0,0.0,0.0
2025-07-18,0,0,88,0,124,0,0.0,0.0
2025-07-20,0,0,4,0,12,0,0.0,0.0
2025-07-21,0,0,41,0,156,0,0.0,0.0
2025-07-22,0,0,109,0,150,0,0.0,0.0
2025-07-23,0,0,106,0,70,0,0.0,0.0
2025-07-24,0,0,109,0,132,0,0.0,0.0
2025-07-25,0,0,67,0,53,0,0.0,0.0
2025-07-27,0,0,14,0,0,0,0.0,0.0
2025-07-28,0,0,100,0,132,0,0.0,0.0
2025-07-29,0,0,109,0,120,0,0.0,0.0
2025-07-30,0,0,117,0,119,0,0.0,0.0
2025-07-31,0,0,107,0,156,0,0.0,0.0
2025-08-01,0,0,91,0,131,0,0.0,0.0
2025-08-03,0,0,14,0,12,0,0.0,0.0
2025-08-04,0,0,112,0,86,0,0.0,0.0
2025-08-05,0,0,90,0,99,0,0.0,0.0
2025-08-06,0,0,106,0,103,0,0.0,0.0
2025-08-07,0,0,96,0,148,0,0.0,0.0
2025-08-08,0,0,95,0,102,0,0.0,0.0
2025-08-10,0,0,8,0,11,0,0.0,0.0
2025-08-11,0,0,85,0,152,0,0.0,0.0
2025-08-12,0,0,113,0,129,0,0.0,0.0
2025-08-13,0,0,112,0,112,0,0.0,0.0
2025-08-14,0,0,112,0,124,0,0.0,0.0
2025-08-15,0,0,104,0,90,0,0.0,0.0
2025-08-17,0,0,14,0,10,0,0.0,0.0
2025-08-18,0,0,110,0,52,0,0.0,0.0
2025-08-19,0,0,87,0,132,0,0.0,0.0
2025-08-20,0,0,98,0,122,0,0.0,0.0
2025-08-21,0,0,108,0,144,0,0.0,0.0
2025-08-22,0,0,95,0,136,0,0.0,0.0
2025-08-24,0,0,18,0,12,0,0.0,0.0
2025-08-25,0,0,108,0,109,0,0.0,0.0
2025-08-26,0,0,77,0,143,0,0.0,0.0
2025-08-27,0,0,115,0,136,0,0.0,0.0
2025-08-28,0,0,113,0,147,0,0.0,0.0
2025-08-29,0,0,78,0,143,0,0.0,0.0
2025-08-31,0,0,15,0,11,0,0.0,0.0
2025-09-01,0,0,115,0,55,0,0.0,0.0
2025-09-02,0,0,111,0,115,0,0.0,0.0
2025-09-03,0,0,114,0,126,0,0.0,0.0
2025-09-04,0,0,102,0,90,0,0.0,0.0
2025-09-05,0,0,96,0,81,0,0.0,0.0
2025-09-07,0,0,18,0,12,0,0.0,0.0
2025-09-08,0,0,58,0,124,0,0.0,0.0
2025-09-09,0,0,113,0,138,0,0.0,0.0
2025-09-10,0,0,112,0,41,0,0.0,0.0
2025-09-11,0,0,110,0,144,0,0.0,0.0
2025-09-12,0,0,96,0,115,0,0.0,0.0
2025-09-14,0,0,2,0,11,0,0.0,0.0
2025-09-15,0,0,106,0,86,0,0.0,0.0
2025-09-16,0,0,109,0,149,0,0.0,0.0
2025-09-17,0,0,125,0,117,0,0.0,0.0
2025-09-18,0,0,88,0,70,0,0.0,0.0
2025-09-19,0,0,93,0,90,0,0.0,0.0
2025-09-21,0,0,16,0,7,0,0.0,0.0
2025-09-22,0,0,109,0,84,0,0.0,0.0
2025-09-23,0,0,95,0,137,0,0.0,0.0
2025-09-24,0,0,112,0,130,0,0.0,0.0
2025-09-25,0,0,98,0,125,0,0.0,0.0
2025-09-26,0,0,85,0,86,0,0.0,0.0
2025-09-28,0,0,9,0,11,0,0.0,0.0
2025-09-29,0,0,111,0,116,0,0.0,0.0
2025-09-30,0,0,95,0,7,0,0.0,0.0
2025-10-02,0,0,2,0,64,0,0.0,0.0
